,0,1,2,3,4
0,조말론 포피 앤 바알리 코롱,조말론,"보리수의 달콤함 위로 블랙커런트 이슬이 스며드는 양귀비, 한 폭의 낭만을 완성짓는 향기","83,800원 21.7% 할인",4.9
1,몽클레르 뿌르 옴므 오 드 퍼퓸,몽클레르,"사이프러스의 시원한 상록수잎과 시더우드가 만나 퍼지는, 겨울 한기를 품은 자연의 향기","110,000원 8.3% 할인",0.0
2,메종 마르지엘라 스프링타임 인 어 파크,메종 마르지엘라,풍성하게 핀 하얀 꽃나무 아래서 가까워진 봄을 알아차리게 하는 향기,"80,900원 9.1% 할인",5.0
3,딥디크 오카피탈 오 드 퍼퓸 75ml,딥티크,"가시돋힌 장미의 줄기를 타고 흘러내리는 파츌리, 장미의 이면을 드러낸 독보적인 분위기의 향","191,800원 18.4% 할인",5.0
4,프레드릭엠 오베드상 오 드 퍼퓸 75ml,프레드릭엠,살갗의 가장 여린 속살을 떠올리게 하는 야릇한 포근함,"56,000원 50.0% 할인",4.7
5,조말론 피오니 앤 블러쉬 스웨이드 코롱,조말론,사과처럼 빨간 작약이 스웨이드와 연출하는 부드러운 여성미,"83,800원 21.7% 할인",4.8
6,조말론 잉글리쉬 페어 앤 프리지아 코롱,조말론,"조말론 여자향수 베스트, 부드럽고 우아한 느낌의 프리지아 향기","87,800원 11.3% 할인",4.8
7,조말론 프랑지파니 플라워 코롱 30ml,조말론,봄바람을 탄 프랑지파니 꽃잎이 천천히 유영하듯 흐르는 하얀 아름다움,"87,800원 12.2% 할인",4.8
8,조말론 허니서클 앤 다바나 코롱,조말론,연노랑빛 쉬폰 드레스 자락처럼 마음을 살랑살랑 간질일 것 같은 다바나 향기,"87,800원 17.9% 할인",5.0
9,조말론 다크 앰버 앤 진저 릴리 코롱 인텐스,조말론,"성별 무관, 시간을 느리게 흐르게 만드는 몽환적인 달콤함","185,000원 11.9% 할인",4.7
10,구찌 알케미스트 가든 어 송 포 더 로즈 오 드 퍼퓸,구찌,가장 순도 높은 불가리안 로즈 워터에서 느낄 수 있는 구찌 하우스의 품격,"360,000원 20.0% 할인",5.0
11,더 디퍼런트 컴퍼니 퓨어이브,더 디퍼런트 컴퍼니,석양의 온기를 닮은 아늑하고 포근한 파우더함과 바닐라향이 어울린 아늑함,"160,000원 4.8% 할인",4.9
12,반클리프 앤 아펠 네롤리 아마라 오 드 퍼퓸,반클리프 앤 아펠,"티 없는 가을 하늘의 청량한 달콤함이 나리는, 네롤리와 잔잔한 우디가 선사하는 산뜻함","187,000원 5.6% 할인",5.0
13,랄프로렌 로맨스 오 드 퍼퓸 30/50/100ml,랄프로렌,같은 행동도 뭔가 더 아름답고 예쁘게 만드는 선명한 로맨틱함,"63,500원 9.3% 할인",4.9
14,샤넬 가브리엘 오 드 퍼퓸 50ml,샤넬,"샤넬신상, 넘버5에서 클래식함을 제거하고 더 트렌디하게 바꾼 화이트플로럴 향수","133,500원 20.5% 할인",4.8
15,샤넬 샹스 오 비브 오 드 뚜왈렛 50ml,샤넬,샤워거품 같은 청아한 재스민과 오렌지플라워,"121,500원 13.2% 할인",5.0
16,샤넬 샹스 오 땅드르 오 드 뚜왈렛 50ml,샤넬,아나운서 느낌의 화사한 듯 단정한 여인의 향기,"121,500원 6.5% 할인",5.0
17,샤넬 샹스 오 땅드르 오 드 빠르펭 NEW 50/100ml,샤넬,"19년 샤넬신상, 달콤하고 기분좋은 여성스러운 플로럴의 군더더기 없는 아름다움","139,500원 17.0% 할인",4.8
18,샤넬 가브리엘 에쌍스 오 드 빠르펭 50/100ml,샤넬,"샤넬신상, 넘버5에서 클래식함을 제거하고 더 트렌디하게 바꾼 화이트플로럴 향수","139,500원 18.4% 할인",4.9
19,샤넬 레조 드 파리 리비에라 오 드 뚜왈렛 50/125ml,샤넬,여성스러움과 깨발랄함을 동시에 갖고 있는 섬세한 오렌지블로썸,"124,000원 4.6% 할인",4.9
20,불가리 쁘띠마망 오 드 뚜왈렛,불가리,"아이와 엄마가 그려지는 귀엽고 포근한, 사랑스러움을 담은 베이비 파우더 향기","65,000원 18.8% 할인",0.0
21,샤넬 No.5 로 (넘버5) LEAU 오 드 뚜왈렛 35/50/60ml,샤넬,"샤넬의 신상, 가장 산뜻하고 은은한 향기","111,500원 7.1% 할인",4.8
22,샤넬 레조 드 파리 베니스 오 드 뚜왈렛 50ml,샤넬,베이지톤의 깔끔한 복장이 생각나는 우아하고 담백한 여자향수의 극강,"124,000원 4.6% 할인",4.5
23,샤넬 코코 마드모아젤 우먼 오 드 퍼퓸 35/50ml,샤넬,자꾸 뒤돌아보게 되는 깊고 성숙한 달콤함,"102,500원 14.6% 할인",4.9
24,샤넬 No.5 (넘버5) 오 드 퍼퓸 35/50ml,샤넬,"샤넬의 영원한 대표작, 샤넬 넘버5","102,500원 6.8% 할인",4.8
25,샤넬 샹스 오 드 퍼퓸 35/50ml,샤넬,신뢰를 줄 수 있는 전문적인 느낌의 여자향수,"102,500원 6.8% 할인",4.3
26,샤넬 샹스 오 드 퍼퓸,샤넬,"신뢰감이 묻어나는 우아한 황후의 향기, 샤넬 샹스","220,000원 9.1% 할인",4.3
27,샤넬 No.5 (넘버5) 오 드 퍼퓸,샤넬,"그녀의 향기에는 이유가 있다. 코코 샤넬의 페르소나, 샤넬 넘버5","220,000원 9.1% 할인",4.8
28,샤넬 코코 마드모아젤 우먼 오 드 퍼퓸,샤넬,"성숙한 여성의 농밀한 향기, 샤넬 코코 마드모아젤","220,000원 9.1% 할인",4.9
29,톰포드 만다리노 디 아말피 오 드 퍼퓸,톰포드,아말피산 만다린이 지중해 파도 거품으로 녹아드는 순간을 담은 싱그러움,"295,000원 19.2% 할인",0.0
30,구찌 블룸 오 드 퍼퓸,구찌,"구찌 여성 베스트셀러, 패키지만으로도 두근거리는 사계절 튜베로즈 향기","80,000원 36.0% 할인",4.8
31,미우미우 오 드 퍼퓸,미우미우,하늘의 구름을 따서 하얀 컨버스화로 만든 것 같은 캐쥬얼한 부드러움,"140,000원 15.2% 할인",4.8
32,로에베 001 우먼 오 드 뚜왈렛 30/50ml,로에베,"로에베 특유의 서정적 우디 내음이 잘 표현된, 바닐라-코코넛의 분분한 낙화의 향기","72,000원 24.2% 할인",4.8
33,세르주루텐 라 휘드 베흘랑 오 드 퍼퓸,세르주루텐,"고혹적으로 부서지는 붉은 장미, 세르주루텐 특유의 서늘한 감성이 녹아난 베스트셀러","130,000원 36.6% 할인",4.8
34,데렉 램 10 크로스비 드렁크 온 유스 오 드 퍼퓸 10/50/100ml,데렉 램 10 크로스비,사과샴푸향을 풍기며 뛰어가는 대학교2학년의 근처에서 날법한 산뜻한 향기,"33,300원 10.0% 할인",4.8
35,산타마리아노벨라 프리지아 오 드 코롱 100ml,산타마리아노벨라,새하얀 수건을 개어놓은 듯한 고혹적인 비누향기,"152,000원 22.1% 할인",4.8
36,메종 마르지엘라 마차 메디테이션,메종 마르지엘라,"동양적인 무드의 말차라떼, 그 달콤함이 오렌지 플라워에 차분히 스미는 정갈함","80,900원 9.1% 할인",5.0
37,나르시소 로드리게즈 플레르 머스크 포허 30/50/100ml,나르시소 로드리게즈,디올 블루밍부케와 유사하면서 조금 더 따뜻하게 달콤하고 은근하게 섹시함,"51,500원 40.1% 할인",4.8
38,르페르소나 LP01 미스틱 로즈 오 드 퍼퓸,르페르소나,"사랑하는 이의 달콤한 말을 닮은 피오니와 장미, 손이 스치는 순간의 페퍼, 서로의 눈속에 마주한 부드러운 우디","104,000원",5.0
39,르페르소나 LP02 피콕 페더 오 드 퍼퓸,르페르소나,"바닷가 선베드에 누워 만끽하는 여름휴가, 타오르는 햇빛 사이로 산뜻하게 퍼지는 라임과 코코넛","104,000원",5.0
40,르페르소나 LP04 골든 젬 오 드 퍼퓸,르페르소나,"잊을 수 없는 무도회의 한 장면, 달콤한 바닐라와 무화과가 깊은 인상을 남기고 유유히 사라지는 순간의 향기","104,000원",4.0
41,르페르소나 LP03 우든 페이스 오 드 퍼퓸,르페르소나,"거칠고 각진 나무토막의 표면을 매끄럽고 둥글게 조각하듯, 마음까지 감싸 안아주는 산뜻하고 편안한 나무냄새","104,000원",4.5
42,톰포드 로스트 체리 오 드 퍼퓸,톰포드,"몸을 한껏 달아오르게 하는 통카빈과 대단히 뇌쇄적인 체리, 이 밤을 더욱 길고 짙게 만드는 유혹","365,000원 22.3% 할인",5.0
43,산타마리아노벨라 프리지아 50ml,산타마리아노벨라,새하얀 수건을 개어놓은 듯한 고혹적인 비누향기,"103,500원 24.5% 할인",4.8
44,산타마리아노벨라 엔젤 디 피렌체 오 드 코롱 50/100ml,산타마리아노벨라,상큼달콤한 복숭아와 재스민이 어울린 비누계열의 시트러스 향취,"103,000원 24.8% 할인",4.9
45,나르시소 로드리게즈 포허 오 드 뚜왈렛 30/50/100ml,나르시소 로드리게즈,단아한 오스만투스와 성숙한 머스크가 동시에 어울린 살결같은 향기,"44,800원 41.1% 할인",4.8
46,나르시소 로드리게즈 엉브레 오 드 퍼퓸 30/50/90ml,나르시소 로드리게즈,"부족할 땐 채워주고, 넘칠 땐 닦아주는 배려심 깊은 프랑지파니 - 바닐라","63,000원 26.7% 할인",5.0
47,프라다 라팜므 로 오 드 뚜왈렛 35/50/100ml,프라다,"환하게 웃는 얼굴 위 드리워진, 청초한 푸루메리아와 일랑일랑","85,000원 10.5% 할인",4.8
48,미우미우 로블루 오 드 퍼퓸,미우미우,청량한 하늘의 푸르름을 담은 이슬먹은 은방울꽃,"140,000원 15.2% 할인",4.5
49,프라다 레스 인퓨전 디 로즈 오 드 퍼퓸 100/200ml,프라다,"다우니의 장미 섬유 유연제 같은, 정말 은은한 로즈","184,000원 9.8% 할인",4.8
50,프라고나르 벨 드 뉘 50/60ml,프라고나르,"가드니아와 붓꽃이 어울린 단정함 , 디올 쟈도르보다 조금 더 차분한 아름다움","96,000원 12.7% 할인",5.0
51,아쿠아 디 파르마 벚꽃 오 드 퍼퓸 100ml,아쿠아 디 파르마,"달지 않게 달콤한 벚꽃, 그 한 송이의 잔잔함을 닮은 데일리","220,000원 25.9% 할인",4.8
52,아쿠아 디 파르마 피오니아 노빌레 오 드 퍼퓸,아쿠아 디 파르마,"첫사랑도 잊게 만들 정도로, 보면 볼수록 더 예뻐 보이는 피오니 향기","130,000원 36.6% 할인",5.0
53,메종 마르지엘라 뮤티니 오 드 퍼퓸 50ml,메종 마르지엘라,"마르지엘라의 감각적 고급스러움, 지는 석양을 내리쬐는 튜베로즈와 캐시미어 우드의 조화","130,000원 13.3% 할인",0.0
54,세르주루텐 페미니떼드부아 오 드 퍼퓸,세르주루텐,"세르주루텐의 첫 작품, 오리엔탈 계열의 삼나무와 클로브가 묘사하는 관능적인 여성성의 끝","174,500원 14.9% 할인",4.3
55,세르주루텐 튜베로즈 크리미넬 오 드 퍼퓸,세르주루텐,"달빛처럼 유려하게 흐르는 곡선, 튜베로즈의 본질에 가장 가깝게 마주한 순연의 향기","395,000원 15.1% 할인",0.0
56,바이레도 선데이 코롱 오 드 퍼퓸,바이레도,"센트럴파크 화단에 핀 제라늄과 베티버, 그 사이를 톡톡히 적시는 푸른 봄비의 베르가못","197,000원 17.9% 할인",5.0
57,바이레도 일레븐스 아워 오 드 퍼퓸,,"바이레도 한정판, 신비한 향신료와 술의 달큰함이 끼쳐오는 이국적인 오리엔탈풍 향기","197,000원 13.6% 할인",0.0
58,돌체 앤 가바나 앤쏠로지 3 램프하트리스 50/100ml,돌체앤가바나,"남자들이 꼭 물어본다는 전설의 향수, 넥타린의 부드러운 달콤함","58,500원 16.4% 할인",4.6
59,프로소디 런던 리솜 린든 오 드 퍼퓸 50ml,프로소디 런던,호수에 뛰어든 멜론의 달콤함이 연두빛 물안개를 피워내는 상큼함,"134,000원 15.2% 할인",5.0
60,조말론 와일드 블루벨 코롱,조말론,연보랏빛 샴푸 향기가 주변을 같은 색으로 은은하게 물들이는 아름다움,"81,800원 23.6% 할인",4.8
61,톰포드 베네시안 베르가못 오 드 퍼퓸,톰포드,"고급스러운 스웨이드 질감의 앰버가 야경으로 깔린 밤, 지적인 가드니아와 베르가못이 연출하는 도시의 밤 향기","305,000원 16.4% 할인",0.0
62,딥디크 로드네롤리 오 드 뚜왈렛 100ml,딥티크,밝은 햇살을 머금은 비터 오렌지가 싱그럽게 흔들리는 네롤리의 푸른 잎사귀에 스며드는 순간,"175,000원 12.1% 할인",5.0
63,아쿠아 디 파르마 로사 노빌레 오 드 퍼퓸,아쿠아 디 파르마,흩날리는 머릿결에서 날 법한 생화 장미와 피오니의 아름드리 예쁜 향기,"128,000원 37.6% 할인",4.9
64,끌로에 로즈 탠저린 오 드 뚜왈렛 30/50ml,끌로에,"블랙커런트와 탠저린의 달콤한 경쾌함에, 하루종일 기분 좋아지는 싱그러운 플로럴","75,000원 34.8% 할인",5.0
65,디올 어딕트 오 프레쉬 오 드 뚜왈렛,디올,봄날의 첫사랑을 닮은 경쾌하고 여리여리한 시트러스 플로럴,"124,000원 11.4% 할인",4.9
66,불리 오 트리쁠 포레드 코미 75ml,불리 1803,"겨울 끝무렵, 한기가 닿은 쌉싸래한 풀내음이 가득 담긴 숲의 향기","170,000원 17.1% 할인",0.0
67,불리 오 트리플 멕시크 튜베로즈 75ml,불리 1803,단언컨대 가장 유려하게 흐르는 튜베로즈가 여인의 부드러운 등을 연상시키는 향기,"170,000원 17.1% 할인",4.9
68,메모 케두 오드퍼퓸 75ml,메모,노곤하고 따뜻한 들깨가루 오일의 깊고 에센셜한 향기,"263,000원 24.9% 할인",5.0
69,더 디퍼런트 컴퍼니 수블림 발키스 오 드 퍼퓸,더 디퍼런트 컴퍼니,비오는날 정원의 흙바닥에서 고고하게 있는 생장미와 블랙커런트의 향기,"168,000원 16.0% 할인",4.6
70,메모 오리엔탈 레더 오 드 퍼퓸 75ml,메모,"라벤더 빛 물안개, 흔들리는 바람에 피어난 장미 뒤로 밤하늘을 가득 수놓는 파츌리의 수수한 내음","263,000원 24.9% 할인",5.0
71,불리 오 트리쁠 베르켄 오렌지 블라썸 75ml,불리 1803,"갓 따낸 오렌지 나무 잎사귀에 레몬즙을 뿌린듯, 무더운 여름날 단비 같이 싱그런 오렌지 꽃망울","170,000원 17.1% 할인",0.0
72,오리베 데저트랜드 오 드 퍼퓸 75ml,오리베,"소나무의 청량함이 건조하게 피어나는 곳, 사막. 그 담담함에 대한 향기","128,870원 23.7% 할인",0.0
73,오리베 밸리 오브 플라워스 오 드 퍼퓸 75ml,오리베,"꽃이 만개한 5월, 따사로운 햇빛 속 로즈, 피오니, 바이올렛이 풍성하게 어울리는 향기","128,870원 23.7% 할인",0.0
74,오리베 코트 다쥐르 오 드 퍼퓸 75ml,오리베,"청량한 레몬이 시클라멘 꽃 위에 누워 파도를 타듯, 일렁이는 햇살 속에 젖어드는 낭만의 향기","128,870원 23.7% 할인",4.5
75,세르주루텐 라 를르지외즈 오 드 퍼퓸,세르주루텐,"검은 고양이가 하얀 자스민 꽃잎에 쉬다 간 자리, 진하게 남는 다크 머스크의 긴 여운","174,500원 14.9% 할인",5.0
76,킬리안 불레이 부 쿠셔 아베끄 모아 (나랑잘래) 오 드 퍼퓸 50ml,킬리안,"침대 위의 연인, 서로를 포근하게 끌어안은 온기만큼 몽글하게 퍼지는 화이트 플로럴-머스크","265,000원 14.0% 할인",5.0
77,킬리안 문라이트 인 헤븐 오 드 퍼퓸 50ml,킬리안,"파랗게 물든 저녁 하늘, 그대와 맞잡은 두 손이 저릿한 설렘을 일으키는 트로피컬 향기","285,000원 7.5% 할인",4.9
78,킬리안 롤링 인 러브 오 드 퍼퓸 50ml,킬리안,글라스 볼에 올려진 바닐라 아이스크림 한 스쿱과 그 위를 천천히 녹이는 따스한 아몬드 밀크,"265,000원 14.0% 할인",5.0
79,톰포드 블랙 오키드 오 드 퍼퓸 50ml,톰포드,"톰포드 베스트셀러, 럼에 담긴 플럼의 다크한 보랏빛이 연출하는 퇴폐적인 관능미","160,000원 17.9% 할인",4.9
80,톰포드 로즈프릭 오 드 퍼퓸 50ml,톰포드,"장미의 이중성, 퇴폐미와 외로움을 그린 향기","305,000원 35.1% 할인",5.0
81,불가리 오 파퓨메 오떼블랑 오드 코롱,불가리,"고요한 새벽안개 길의 끝에서 이슬과 함께 느껴질 법한 화이트 티의 정수, 깨끗함의 정점","119,000원 14.4% 할인",4.5
82,에르메스 운 자르뎅 아프레 라 무쏭 오 드 뚜왈렛,에르메스,"갑자기 내린 여우비에, 촉촉한 꽃내음과 물내음 섞인 메론향기가 피어났던 한적한 프랑스 정원","145,000원 17.1% 할인",0.0
83,프레데릭 말 윈로즈 30ml,프레데릭말,"야생화 기운을 받은 로즈, 그 치명적인 매력의 생장미 향기","195,000원 25.9% 할인",4.7
84,프레데릭 말 엉빠썽 50ml,프레데릭말,맑은 이슬을 머금은 라일락 생화 꽃 향기,"224,500원 19.2% 할인",4.7
85,프라다 캔디 플로럴 오 드 뚜왈렛 30/50/80ml,프라다,"딸기 칵테일에 사뿐히 올라간 꽃잎처럼, 부드럽게 연출하는 섹시함","88,000원 10.2% 할인",4.8
86,조말론 잉글리쉬 페어 앤 프리지아 바디 앤 핸드 로션 250ml,조말론,조말론 베스트셀러 '잉글리쉬 페어 앤 프리지아' 를 원하는 곳에 바를 수 있는 바디 & 핸드 로션,"70,000원 14.6% 할인",0.0
87,랄프로렌 폴로 랄프 우먼 오 드 뚜왈렛 30/50ml,랄프로렌,"랄프로렌 여자향수 베스트, 뭐 뿌렸는지 꼭 물어보는 향수","47,200원 20.0% 할인",4.7
88,구찌 알케미스트 가든 문라이트 세레나데 오 드 퍼퓸 150ml,구찌,"시원한 라벤더 바람과 함께 내 귓등을 타고 흐르는 청량함, 세이지와 라벤더의 여름날 향기","289,000원 8.0% 할인",0.0
89,펜할리곤스 베스트셀러 디스커버리 세트,펜할리곤스,펜할리곤스 베스트 & 스테디셀러 10종으로 구성된 디스커버리 패키지,"49,000원 21.0% 할인",5.0
90,구딸파리 로즈폼퐁 오 드 퍼퓸,아닉구딸,붉은 입술과 흑발의 탕웨이가 전하는 고급스러운 미소,"108,000원 45.5% 할인",5.0
91,에르메스 트윌리 데르메스 오 프와브레 오 드 퍼퓸,에르메스,"트윌리 라인 중 가장 가벼운 산뜻함을 가져, 부드러우면서도 분명히 각인되는 옅은 로즈와 비누 향기","98,000원 32.9% 할인",0.0
92,오리베 프래그런스 디스커버리 세트,오리베,"청량하게 부서지는 넓은 확산력, 오리베를 경험하기 좋은 3종 디스커버리 세트","29,700원 10.0% 할인",5.0
93,샤보 이노센트 프라질리테 오 드 퍼퓸 30ml,샤보,"꽃비누로 깨끗히 씻은 후, 수건만 가볍게 두르고 나온 듯한 순수+관능미","117,500원 24.2% 할인",4.3
94,샤보 에뜨왈 드 룬 오 드 퍼퓸 30ml,샤보,햇살을 잘게 부순듯한 파우더에서 날것 같은 오렌지블로썸의 나긋한 향기,"101,300원 19.0% 할인",0.0
95,입생로랑 리브르 오 드 퍼퓸,입생로랑,"따뜻한 라벤더의 포근함 속, 힘있게 남는 오렌지블라썸 커리어우먼","82,000원 20.4% 할인",4.8
96,구찌 알케미스트 가든 윈터스 스프링 오 드 퍼퓸 100ml,구찌,미모사와 아카시아 꽃을 가볍게 띄워놓은 미온수로 부드럽게 목욕한 후 살에 남은 잔향,"395,000원 12.2% 할인",0.0
97,살바도르 달리 달리라이트,살바도르 달리,사과를 머금은 백합샴푸 향을 은은하게 풍기는 데일리 향수,"23,800원 54.2% 할인",4.8
98,살바도르 달리 오드루비립스,살바도르 달리,포도와 파인애플을 갈아 얼음 위로 사각 부어놓은 데일리향수,"23,800원 54.2% 할인",4.7
99,구찌 알케미스트 가든 어 윈터 멜로디 사이프러스 센티드 워터 150ml,구찌,"서늘한 겨울 공기가 하얀 입김으로 되돌아가는 풍경, 그곳을 에워싸는 눈 덮인 초겨울의 숲 향기","289,000원 8.0% 할인",5.0
100,아틀리에 코롱 클레망틴 캘리포니아 30ml,아틀리에 코롱,"소다 밀키스를 마시는 상큼함, 아틀리에의 베스트셀러","72,000원 30.1% 할인",4.8
101,구찌 블룸 프로푸모 디 피오리 오 드 퍼퓸 50ml,구찌,구찌의 아이코닉한 블룸 감성을 더 잔잔하게 풀어낸 튜베로즈 향기,"107,000원 25.2% 할인",4.8
102,에트로 라자스탄 오 드 퍼퓸 100ml,에트로,"자유를 찾아 유랑하는 집시,보헤미안 스타일의 묵직한 앰버와 미모사 그리고 머스크의 폭닥한 향기","135,200원 20.0% 할인",0.0
103,에트로 비콜로피오리 오 드 뚜왈렛 50/100ml,에트로,고급스런 모던함의 벨 플라워가 상대방을 휘감는 매력,"83,200원 20.0% 할인",4.0
104,에트로 우다이푸르 오 드 퍼퓸 100ml,에트로,"레몬을 적신 고운 점토 비누로 샤워를 마친 후, 수건을 덮은 부드러움","166,000원 7.8% 할인",5.0
105,에트로 샨텅 오 드 퍼퓸 100ml,에트로,얇은 피오니 꽃잎이 블랙커런트와 연출하는 담백한 관능미,"135,000원 10.0% 할인",5.0
106,에트로 비아베리 오 드 뚜왈렛 100ml,에트로,"에트로 베스트셀러, 씻고 나온 라벤더 비누향이 설렘 가득히 사이프러스 숲을 감싸안는 순간","118,000원 18.6% 할인",4.8
107,구찌 길티블랙 우먼 오 드 뚜왈렛,구찌,"라즈베리와 파츌리의 은은한 모던함이, 퇴근길을 서두르는 그녀가 지나는 길에 잔잔한 흔적을 그리는 향기","97,000원 19.2% 할인",4.5
108,에르메스 오 도랑쥬 베르트 오 드 코롱,에르메스,"나른함 가득한 늦은 오후, 커튼 사이로 들어오는 햇살을 타고 흐르는 오렌지와 레몬의 상큼함","105,000원 35.2% 할인",0.0
109,에르메스 오 드 시트론 느와 오 드 코롱,에르메스,"에르메스식 남성의 관능미, 아슬아슬한 경게 사이를 넘나드는 시트러스 - 스모키의 정석","105,000원 35.2% 할인",5.0
110,몽클레르 뿌르 팜므 오 드 퍼퓸,몽클레르,"포근함이 느껴지는 함박눈 위로, 달콤한 바날리색 연유 라떼가 가볍게 녹아들며 남기는 자취","110,000원 8.3% 할인",5.0
111,버버리 런던 우먼 오 드 퍼퓸,버버리,졸업반에 찾아온 긴생머리의 선배님이 풍길법한 우아한 허니써클 향기,"43,000원 51.1% 할인",4.8
112,글로시에 글로시에 유 오 드 퍼퓸 50ml,글로시에,"살결인지, 살결에 스친 꽃잎인지 헷갈리게 만드는 묘한 순수함","89,000원 11.0% 할인",4.8
113,빅터앤롤프 플라워밤 넥타린 오 드 퍼퓸 50ml,빅터앤롤프,"서양에서 정말 인기있는 플라워밤의 신작, 핑크 부케에 화사하게 드레싱된 꿀 향기","128,000원 5.2% 할인",4.7
114,나소마토 실버 머스크 엑스트레 퍼퓸 30ml,나소마토,"하얀 눈의 결정체가 손바닥 위에서 녹는 듯, 극도로 투명한 목화꽃의 깨끗함","245,500원 9.1% 할인",0.0
115,바스틸 플레르 룬 오 드 퍼퓸 50ml,바스틸,"달빛이 투영된 튜베로즈, 그 서정적이고 아린 보라빛 감성의 향기","165,500원 12.9% 할인",0.0
116,퍼퓸드말리 사파나드 75ml,퍼퓸 드 말리,석양의 차분함을 닮은 오렌지 블라썸에 차분하게 녹아드는 일랑일랑과 바닐라,"298,000원 18.4% 할인",0.0
117,프라고나르 로즈 드 메이 오 드 뚜왈렛 100/200ml,프라고나르,"매일 쓰는 장미수 토너처럼, 투명하게 젖어가는 로즈의 청초함","71,500원 10.6% 할인",4.6
118,프라고나르 꾀르 드 솔레이 오 드 퍼퓸 50/100ml,프라고나르,"햇빛에 반사된 블랙커런트가 사방으로 반짝이며, 프리지아와 연출하는 황홀함 그 자체","77,000원 11.5% 할인",4.8
119,프라고나르 벨 쉐리 30/50/60ml,프라고나르,듬뿍 담긴 따스한 사랑에 달궈진 스타후르츠의 달콤함,"88,000원 2.2% 할인",5.0
120,프라고나르 벨 드 그라스 오 드 뚜왈렛 100ml,프라고나르,"바이올렛,라일락의 보라빛 향연에서 헬리오트로프가 감싸안는 따스함","80,000원 11.1% 할인",4.4
121,프라고나르 일다무르 퍼퓸 30/60ml,프라고나르,"바다의 솔티함이 배인 화이트 플로럴의 청초함이, 거칠던 파도도 잠재우는 나긋한 향기","88,000원 12.0% 할인",0.0
122,프라고나르 디아망 30/50/60ml,프라고나르,"수수한 자스민과 관능의 바닐라 크림, 그 사이 간극을 채우는 달콤한 매력의 향기","88,000원 12.0% 할인",3.0
123,장 폴 고티에 클래식 오 드 뚜왈렛 30/50/100ml,장 폴 고티에,달콤하게 내쉬는 숨결마저 유혹적일 것 같은 오리엔털 계열의 관능적인 향수,"68,000원 20.0% 할인",4.5
124,장 폴 고티에 스캔들 오 드 퍼퓸 30/50/80ml,장 폴 고티에,파티 한가운데의 주인공 같은 달콤하고 센슈얼한 부드러움,"72,000원 20.0% 할인",4.7
125,쥬시꾸뛰르 위 오 드 퍼퓸 100ml,쥬시꾸뛰르,상큼달콤함 과즙과 끌로에의 모던함이 어우러진 쥬시꾸뛰르의 새로운 신상향수,"91,600원 26.1% 할인",4.5
126,크리드 플뢰르 드 가드니아 오 드 퍼퓸 75ml,크리드,가드니아와 라벤더가 잔뜩 핀 고동나무 아래에서 깊은 숨을 고르는 듯한 몽환적 향기,"363,000원 18.1% 할인",4.7
127,클린 클래식 웜코튼 오 드 퍼퓸 30/60ml,클린 리저브,전방 100m 밖까지 닿는 새하안 비누 향기에 마음까지 산뜻해지는 깨끗한 향기,"38,000원 30.9% 할인",4.8
128,트루사르디 - 르비드 밀라노 비아 델라 스피가 오 드 퍼퓸 100ml,트루사르디 르비드 밀라노,애플과 허니크림의 럭셔리하고 귀족적인 부드러움,"238,000원 15.0% 할인",5.0
129,트루사르디 - 르비드 밀라노 갤러리아 비토리오 에마누엘레 2세 오 드 퍼퓸 100ml,트루사르디 르비드 밀라노,자신감 넘치는 관능미의 바닐라 모카향기,"238,000원 15.0% 할인",5.0
130,트루사르디 - 르비드 밀라노 포르타 누오바 오 드 퍼퓸 100ml,트루사르디 르비드 밀라노,편안한 사랑을 하고싶은 아이보리 비누거품 향기,"238,000원 15.0% 할인",4.6
131,트루사르디 돈나 오 드 퍼퓸 30/50/100ml,트루사르디 르비드 밀라노,"오렌지 블라썸이 상큼하게 터지고 남은 자리, 여전히 느껴지는 그날의 아름다움","40,000원 41.2% 할인",5.0
132,트루사르디 페미닌 오 드 퍼퓸,트루사르디 르비드 밀라노,"연보라색 꽃들 사이 은연 중에 맡아지는 벨벳 질감의 스웨이드, 그 포근한 고급스러움","52,000원 27.8% 할인",0.0
133,퍼퓸 드 말리 델리나 75ml,퍼퓸 드 말리,엄친딸 포스 나는 예쁘고 달콤한 리치 바닐라와 피오니의 사기적인 향기,"310,000원 15.1% 할인",4.8
134,퍼퓸드말리 아탈리아 75ml,퍼퓸 드 말리,촉촉한 아이리스에 포근한 머스크의 귀족같은 차분함,"338,000원 13.3% 할인",5.0
135,퍼퓸드말리 달시 오 드 퍼퓸 75ml,퍼퓸 드 말리,"퍼퓸드말리 여성향수, 달시","310,000원 8.8% 할인",0.0
136,퍼퓸 드 말리 멜리오라 75ml,퍼퓸 드 말리,로제 와인을 부딪히는 순간 스파클링하게 떠오르는 연보라빛 은하수,"358,000원 10.9% 할인",5.0
137,아이젠버그 조즈 우먼 30/50/100ml,아이젠버그,"톰포드 블랙오키드의 여름 버전처럼, 자신만의 개성과 분위기가 뚜렷한 여자","65,200원 17.5% 할인",4.7
138,아이젠버그 디아볼리끄 우먼 30/50/100ml,아이젠버그,날카롭지만 깊고 스모키한 눈빛을 닮은 그을린 베티버와 샌달우드 향기,"65,200원 17.5% 할인",4.5
139,아이젠버그 르페쉬에 우먼 30/50/100ml,아이젠버그,"살짝 트인 스커트 사이로 드러난 살결처럼, 과하지 않게 부드러운 섹시함과 센슈얼의 중간","65,200원 17.5% 할인",4.4
140,아이젠버그 오프레쉬 우먼 30/50/100ml,아이젠버그,"라벤더의 선선함을 따라 이끌려간 곳, 아로마틱한 여운이 길게 남는 향기","65,200원 17.5% 할인",4.9
141,아이젠버그 아이엠 우먼 30/50/100ml,아이젠버그,"투명한 누드 립, 약간 벌어진 입술 사이가 만드는 뇌쇄적인 아름다움","65,200원 17.5% 할인",4.7
142,아틀리에 코롱 포멜로 파라디 30ml,아틀리에 코롱,생 자몽 하나를 그대로 갈아낸 듯한 싱싱함,"72,000원 30.1% 할인",4.7
143,아닉구딸 엉 마뗑 도하쥬 100ml,아닉구딸,비 맞은 가드니아가 잔뜩 피어있는 정원을 걷고 있는 은은한 향기,"124,000원 37.4% 할인",4.6
144,구딸파리 르 쉐브르페이유 오 드 뚜왈렛 100ml,아닉구딸,"크리넥스 티슈향으로 유명한, 들판의 수선화와 풀꽃들의 음율같은 청아하고 순수한 향기","145,000원 26.8% 할인",4.5
145,세르주루텐 다튜라느와 오 드 퍼퓸,세르주루텐,"깊은 상처까지 감싸 안아줄 것 같은, 헬리오트로프와 튜베로즈의 안락한 편안함","174,500원 14.9% 할인",5.0
146,세르주루텐 플뢰르 도랑제 오 드 퍼퓸,세르주루텐,무르익은 튜베로즈 꽃망울이 터지며 달콤한 허니 디저트 위로 사뿐히 내려앉는 섬세함,"174,500원 14.9% 할인",5.0
147,분더샵 인피니트 썬 오 드 퍼퓸 50ml,분더샵,"태양을 보며 활짝 피는 은방울꽃에, 미처 털어내지 못한 흙 한 줌이 어울린 향기","103,500원 25.0% 할인",5.0
148,발렌시아가 플로라 보타니카 오 드 퍼퓸 30/50/100ml,발렌시아가,서늘함을 품고 나타난 로즈와 카네이션의 시크한 여성스러움,"78,000원 56.7% 할인",4.8
149,빅토리아 시크릿 저스트 어 키스 오 드 퍼퓸 50ml,빅토리아시크릿,"볼 위 가벼운 입맞춤을 부를 정도로, 피오니와 과일을 아낌없이 부어 완성한 사랑스러움","75,000원 21.1% 할인",0.0
150,빅터앤롤프 플라워밤 오 드 퍼퓸 30/50/100ml,빅터앤롤프,롤케익 처럼 부드럽고 달콤한 블랙베리의 발랄한 섹시미,"71,300원 16.1% 할인",4.8
151,빅터앤롤프 플라워밤 듀 오 드 퍼퓸 30/50/100ml,빅터앤롤프,"티 안나게 예쁘다, 분위기 자체 끝판왕을 만들어버리는 청초함","71,300원 16.1% 할인",5.0
152,빅터앤롤프 봉봉 오 드 퍼퓸 30/50/90ml,빅터앤롤프,"오늘따라 더 사랑스럽네, 망고와 재스민 아이스크림의 달콤한 조화","71,300원 16.1% 할인",5.0
153,불리 오 트리쁠 알 카시르 75ml,불리 1803,"살짝 힘을 뺀 바닐라와 고소한 샌달우드, 느슨한 듯 여유로운 우디 내음","170,000원 17.1% 할인",0.0
154,르라보 로즈 31 오 드 퍼퓸 50/100ml,르라보,마른 장미잎과 오우드가 어우러진 중성적인 향수,"210,000원 17.0% 할인",4.9
155,롤리타렘피카 우먼 오 드 퍼퓸,롤리타렘피카,10년동안 스테디셀러를 지킨 포근하고 여성스러운 미모사 - 아몬드 향기,"45,000원 36.6% 할인",4.6
156,롤리타 렘피카 몽 오 드 퍼퓸 50ml,롤리타렘피카,파우더리함은 낮추고 베리의 싱그러움을 살린 - 롤리타렘피카의 데일리룩,"57,000원 41.2% 할인",4.7
157,로이비 베르가못 앤 화이트로즈 오 드 퍼퓸 50ml,로이비,"쁘띠쉐리를 차분하게 닮은, 아삭한 배와 로즈가 얽혀 연출하는 차분한 조화","98,100원 10.0% 할인",4.0
158,로이비 로터스 앤 인센스 오 드 퍼퓸 50ml,로이비,"로이비의 중성 향수 베스트셀러, 푸르스름한 안개비를 들이마신 연꽃의 향기","98,100원 10.0% 할인",5.0
159,로이비 만다린 앤 샌달우드 오 드 퍼퓸 50ml,로이비,"마음 한 켠에 쌓아둔 유년시절, 그 시기를 닮은 민트 잎의 옅은 풀물과 자몽의 쌉싸름함","98,100원 10.0% 할인",5.0
160,로이비 피오니 앤 화이트 머스크 오 드 퍼퓸 50ml,로이비,"로이비의 여성 향수 베스트셀러, 몽글한 구름을 닮은 피오니의 하얀 설레임을 담은 향기","98,100원 10.0% 할인",5.0
161,로이비 휘그 앤 시더우드 오 드 퍼퓸 50ml,로이비,"진중한 숲의 향기를 머금은 무화과, 그 하얀 달콤함이 경쾌하게 피어나는 포레스트","98,100원 10.0% 할인",4.7
162,로이비 샤프론 앤 오렌지 블로썸 오 드 퍼퓸 50ml,로이비,"버건디빛 샤프란과 오렌지 블로썸이 써내려가는 가을무드, 달콤하게 무르익은 오리엔탈 플로럴","98,100원 10.0% 할인",5.0
163,로에베 아우라 핑크 매그놀리아 오 드 퍼퓸 50ml,로에베,"연분홍빛 목련 꽃봉오리가 바람에 한 점씩 떨어질 때 차분히 내려앉는, 살가운 시트러스-머스키","90,000원 35.3% 할인",0.0
164,랄프로렌 폴로 우먼 오 드 퍼퓸 30/50/100ml,랄프로렌,"이제는 성숙해진 나이, 굳이 애쓰지 않아도 모두가 알아보는 아름다움","68,000원 15.0% 할인",5.0
165,프라다 캔디 오 드 퍼퓸 30/50/80ml,프라다,"센슈얼하게 퍼지는 달콤함의 끝판왕, 클래식한 여성스러움","94,000원 9.6% 할인",4.8
166,프라다 라팜므 오 드 퍼퓸 35/50/100ml,프라다,"출퇴근용으로 좋은, 아이보리 비누 향기가 연출하는 폭닥한 섹시함","94,000원 9.6% 할인",4.8
167,프라다 캔디 슈가팝 오 드 퍼퓸 30/50/80ml,프라다,"레몬케이크를 한 입, 두 입 가볍게 떠먹는 것처럼 부드러운 상큼함","92,000원 9.8% 할인",4.9
168,돌체앤가바나 돌체 샤인 30/50/75ml,돌체앤가바나,말린 건망고에 연유를 살짝 뭍혀 재스민꽃과 먹는 것 같은 따뜻한 달콤함,"62,800원 22.5% 할인",4.3
169,프라다 레스 인퓨전 디 플로럴 디 오렌지 100ml,프라다,아늑한 햇살 사이 따뜻함을 더해가는 오렌지와 부케 향기,"184,000원 9.8% 할인",5.0
170,돌체앤가바나 돌체 피오니 30/50/75ml,돌체앤가바나,포도맛 밀크쉐이크를 들고서 신나게 뛰어다니는 대학생 새내기같은 상큼달콤함,"58,800원 27.4% 할인",4.3
171,프라다 캔디 글로스 오 드 뚜왈렛 30/50/80ml,프라다,"아삭거리는 달콤한 체리, 청포도가 프라다의 여성미를 입었을 때","87,500원 9.8% 할인",5.0
172,데렉 램 10 크로스비 러브디럭스 오 드 퍼퓸 50/100ml,데렉 램 10 크로스비,비가 그친 뒤 잔뜩 날이 서 있는 정원에서 가장 사랑스럽게 핀 꽃의 담백함,"75,000원 9.6% 할인",5.0
173,데렉 램 10 크로스비 사일런트 스트리트 오 드 퍼퓸 10/50/100ml,데렉 램 10 크로스비,더운여름날 흰색시스루 티셔츠와 청바지를 가볍게 입은 듯한 파우더한 향기,"33,300원 10.0% 할인",4.8
174,프라다 캔디 키스 오 드 퍼퓸 50/80ml,프라다,"나도 모르는 새 은근히 젖어, 내 마음을 차지한 바닐라의 달콤함","123,000원 10.2% 할인",4.8
175,누NOU 벨벳 블라썸 오 드 퍼퓸 50ml,누NOU,"스모키한 벨벳 질감의 따스한 클로브 향기, 중성적인 데일리 캐주얼","42,000원 16.0% 할인",0.0
176,누NOU 플로럴 미스트 오 드 퍼퓸 50ml,누NOU,"프리지아, 만다린, 로즈가 이슬 안개처럼 공중으로 흩어지는 경쾌한 향기","42,000원 16.0% 할인",0.0
177,누NOU 프리지아 오 드 퍼퓸 50ml,누NOU,신선하게 간 갈바넘과 쨍한 프리지아가 하루종일 곁에 감도는 뽀송함,"42,000원 16.0% 할인",0.0
178,누NOU 로즈 파출리 오 드 퍼퓸 50ml,누NOU,로즈와 파출리의 스파클링한 사랑스러움이 한 장면으로 추억되는 향기,"42,000원 16.0% 할인",4.0
179,누NOU 투베로즈 오 드 퍼퓸 50ml,누NOU,투베로즈의 하얀 곡선처럼 등의 여린 살결이 유영하듯 흐르는 아름다움,"42,000원 16.0% 할인",0.0
180,프로소디 런던 로즈 론듀 오 드 퍼퓸 50ml,프로소디 런던,버건디 로즈 그리고 블랙커런트와 제라늄의 쌉싸름한 달콤함을 씹어낸 신선한 아성,"134,000원 15.2% 할인",5.0
181,프로소디 런던 히아신스 존퀼 오 드 퍼퓸 50ml,프로소디 런던,"햇살이 비추는 자리, 하얀 치마 폭에 담은 히아신스가 따뜻하게 물드는 여운의 향기","134,000원 15.2% 할인",0.0
182,나르시소 로드리게즈 루즈 오 드 뚜왈렛 50ml,나르시소 로드리게즈,"18년 하반기신상, 체리의 달콤함과 로즈가 어울린 캐쥬얼 섹시","88,300원 15.9% 할인",5.0
183,프로소디 런던 트레비 로즈 오 드 코롱 30ml,프로소디 런던,라즈베리 과즙을 먹고 자라나 더욱 붉어진 장미가 연출하는 고혹스러운 향기,"70,500원 15.1% 할인",5.0
184,나르시소 로드리게즈 푸드레 오 드 퍼퓸 30/50/90ml,나르시소 로드리게즈,"부드러운 달콤함으로 샤워한 듯, 뽀송한 비누","51,500원 39.4% 할인",5.0
185,프로소디 런던 페이퍼 플라워 팬 오 드 코롱 30ml,프로소디 런던,"프로소디의 베스트셀러, 프리지아 꽃 한 송이가 주는 잔잔한 싱그러움","70,500원 15.1% 할인",5.0
186,나르시소 로드리게즈 포허 오 드 퍼퓸 30/50/100ml,나르시소 로드리게즈,실크처럼 부드럽고 섬세한 머스키한 로즈의 고급스러운 향기,"51,500원 40.1% 할인",4.9
187,프로소디 런던 베리 블릿츠 오 드 코롱 30ml,프로소디 런던,"갓 딴 베리와 오렌지 마멀레이드, 모두를 식탁으로 불러모으는 신선한 상큼함","70,500원 15.1% 할인",5.0
188,프로소디 런던 무아레 미모사 오 드 코롱 30ml,프로소디 런던,"연둣빛 달콤함이 미모사에 닿아, 자연에서 느낄 수 있는 가장 편안한 상큼함을 피워내는 향기","70,500원 15.1% 할인",4.8
189,끌로에 러브스토리 오 드 퍼퓸 75ml,끌로에,"웹드라마의 대학 캠퍼스 한 장면처럼 상큼한 장미, 배 향기","115,000원 23.3% 할인",4.9
190,끌로에 노마드 오 드 퍼퓸,끌로에,"플럼과 자스민의 톡쏘는 상큼함을 감싸안는 차분한 시프레, 기존 끌로에와는 사뭇 다른 시크함","113,000원 24.7% 할인",4.7
191,불리 오 트리플 다마스크 로즈 75ml,불리 1803,"장미 본연의 분위기, 온전한 아름다움으로 모두를 납득시키는 유려함","170,000원 17.1% 할인",4.9
192,SWG컬렉션 로제가즘 50ml,SWG Collection,"에펠탑이 보이는 마르스 광장, 바람을 타고 날아오는 장미와 라즈베리의 낭만","88,200원 10.0% 할인",0.0
193,SWG컬렉션 베티버느와 50ml,SWG Collection,"뉴욕 센트럴의 자유와 방황을 닮은 페퍼와 토바코, 미니멀과 모던 사이를 아우르는 세련된 중성미","88,200원 10.0% 할인",0.0
194,메종 프란시스 커정 아쿠아 유니버셜 오 드 뚜왈렛 70ml,메종프란시스 커정,어디서 상큼한 향기난다! 할 정도로 청아하고 날카로운 공용 향수,"220,000원 26.8% 할인",4.8
195,메종 프란시스 커정 아쿠아 셀레스티아 오 드 뚜왈렛 70ml,메종프란시스 커정,"빙하얼음을 분쇄한 듯, 청량함을 담아 지적이고 깨끗한 향기","224,000원 25.5% 할인",4.7
196,메종 프란시스 커정 아쿠아 비떼 오 드 뚜왈렛 70ml,메종프란시스 커정,"과이악 우드의 잎사귀가 가을 낙엽으로 레몬색을 띄는 계절, 만다린 조각이 스파클링하게 통카빈을 두드리는 시간","224,000원 25.5% 할인",5.0
197,메모 그라나다 오 드 퍼퓸 75ml,메모,자욱이 내려 앉는 달빛을 머금은 자스민 근처로 살며시 피어가는 바닐라의 부드러운 달콤함,"263,000원 24.9% 할인",0.0
198,딥디크 도손 오 드 뚜왈렛,딥티크,단아하고 귀족적인 느낌의 달콤한 우유같은 튜베로즈향기,"128,000원 10.5% 할인",4.8
199,스테파니 브루진 파리몽타뉴 오 드 퍼퓸 100ml,스테파니 브루진,"입가에 고인 보랏빛 와인이, 지그시 감겨진 눈꺼풀이 따라올 수 없게 만드는 독보적인 분위기","225,000원 10.0% 할인",5.0
200,스테파니 브루진 캐시미어 오 드 퍼퓸 100ml,스테파니 브루진,"화양연화 속 낡은 다락방, 우디 머스크의 붉은 톤이 따스하게 머무는 자리의 향기","225,000원 10.0% 할인",0.0
201,스테파니 브루진 델리스 오 드 퍼퓸 100ml,스테파니 브루진,"파리의 돌담길, 시나몬과 바닐라빈의 따스함이 천천히 자리를 데우는 향기","225,000원 10.0% 할인",0.0
202,겔랑 라쁘띠 로브 느와르 레제르 오 드 퍼퓸 50ml,겔랑,블랙체리의 세련됨이 가미된 2018년 신작 플랭커,"68,000원 38.2% 할인",0.0
203,조말론 로즈 앤 매그놀리아 코롱 50ml,조말론,"파리의 센 강에서 마주한 장미와 파츌리, 우디 톤의 장미만이 낼 수 있는 깊고 짙은 분위기","120,000원 20.0% 할인",5.0
204,구딸파리 쁘띠쉐리 오 드 퍼퓸 50/100ml,아닉구딸,"아닉구딸 베스트셀러, 쁘띠쉐리 기프트 세트","115,000원 40.4% 할인",4.7
205,아쿠아 디 파르마 매그놀리아 노빌레 오 드 퍼퓸,아쿠아 디 파르마,순수한 상큼함과 여리여리한 관능미가 얽힌 이중적 매력의 매그놀리아 향기,"127,000원 38.0% 할인",4.7
206,조말론 넥타린 블로썸 앤 허니 코롱,조말론,복숭아와 자몽을 크게 잘라 잎사귀와 함께 삼키는 듯한 달콤함,"87,800원 17.9% 할인",4.6
207,딥디크 도손 오 드 퍼퓸 75ml,딥티크,"쌉싸름한 깨끗함에 바닐라를 섞은, 아이보리색 튜베로즈 향기","196,500원 16.4% 할인",4.8
208,바이레도 블랑쉬 오 드 퍼퓸 50/100ml,바이레도,"바이레도 대표작, 기분까지 상큼해지는 산뜻한 비누","205,000원 14.6% 할인",4.8
209,산타마리아노벨라 로사 가데니아 오 드 코롱 50ml,산타마리아노벨라,"연하고 여린 장미, 그 위로 투명하도록 지나가는 머스크가 완성하는 맑고 깨끗한 향기","102,000원 25.5% 할인",4.9
210,산타마리아 노벨라 아쿠아 디 콜로니아 로사 오 드 코롱 100ml,산타마리아노벨라,"가지런한 눈꽃 위로 똑 부러지듯 아름다운 선율의 다마스커스 로즈, 차분한 고급스러움","152,000원 15.6% 할인",5.0
211,아닉구딸 로즈폼퐁 오 드 뚜왈렛,아닉구딸,검정색 단발의 탕웨이가 생각나는 고급미 넘치는 담백한 장미향기,"102,000원 35.4% 할인",4.7
212,메종마르지엘라 레이지선데이 모닝 100ml,메종 마르지엘라,"편안한 침대에 누웠을 때, 이불 속으로 온 몸이 녹아들듯 느껴지는 편안함","145,000원 17.1% 할인",4.8
213,딥디크 오르페옹 오 드 퍼퓸 75ml,딥티크,"빳빳한 와이셔츠 위로 알싸한 주니퍼베리 안개가 스민, 시크한 긴장감의 런더리 향수","225,000원 8.2% 할인",4.9
214,딥디크 올렌느 오 드 뚜왈렛 50ml,딥티크,부드럽고 우아하게 퍼지는 세심하고 감각적인 아카시아 꽃 향기,"135,000원 5.6% 할인",4.5
215,딥디크 제라늄 오도라타 오 드 뚜왈렛 100ml,딥티크,"촉촉히 젖은 토지에서 올라오는 흙내음 사이, 초원의 그늘진 풀 속을 헤집고 피어난 제라늄 향기","175,000원 12.1% 할인",5.0
216,디올 쟈도르 오 드 퍼퓸,디올,"한없이 부드럽고, 고급스럽게 관능적인 디올의 대표 여자향수","99,000원 9.2% 할인",4.8
217,빅토리아 시크릿 밤쉘 오 드 퍼퓸 50ml,빅토리아시크릿,해외 빅시매장에서 판매량 1등을 다투는 여자향수,"75,000원 21.1% 할인",4.5
218,스테파니 브루진 큐피동 오 드 퍼퓸 100ml,스테파니 브루진,블랙커런트 이슬이 흩어지며 장미에 젖어드는 투명한 아름다움,"225,000원 10.0% 할인",4.9
219,킬리안 우먼 인 골드 오 드 퍼퓸,킬리안,"화려한 장신구에도 묻히지 않는 달콤한 플로럴과 투명하게 빛나는 바닐라, 그 매혹의 향기","340,000원 20.6% 할인",0.0
220,메모 랄리벨라 오 드 퍼퓸 75ml,메모,따스한 바람을 타고 와 끝을 스치는 바닐라 향기 속 부드럽게 스며있는 코코넛의 달콤함,"263,000원 24.9% 할인",5.0
221,크리드 러브 인 화이트 30/75ml,크리드,"바람에 흩날린 웨딩드레스 끝자락같은, 촉촉한 화이트 수선화 향기","210,000원 19.2% 할인",5.0
222,에르메스 트윌리 데르메스 오 드 퍼퓸 50ml,에르메스,풍부하고 달콤한 생강과 튜베로즈가 우디하게 연출되는 글래머스한 향기,"113,000원 22.6% 할인",4.9
223,에트로 화이트 매그놀리아 오 드 퍼퓸 100ml,에트로,"살결을 스치는 목련꽃잎처럼, 그 풍성하고 고소한 하얀 색의 아름다움","158,000원 12.2% 할인",5.0
224,프레데릭 말 오 드 매그놀리아 50ml,프레데릭말,연애 초창기의 짜릿한 설렘을 닮은 스파클링 목련 향기,"195,000원 20.4% 할인",4.7
225,프레데릭 말 프렌치 러버 50ml,프레데릭말,"단정하고도 세심한 감수성, 비에 젖은 소나무와 낙엽을 보며 한 편의 시를 읊어내는 감성","198,000원 19.2% 할인",5.0
226,에르메스 24 포브르 우먼 오 드 뚜왈렛 30/100ml,에르메스,내리쬐는 늦가을 태양에 노곤하게 녹아진 히아신스와 가드니아의 우아함,"95,000원 26.9% 할인",5.0
227,세르주루텐 플뢰르 드 시트로니에 오 드 퍼퓸 100ml,세르주루텐,"선선한 여름날, 오렌지 나뭇가지에 사랑하는 마음을 걸어 너에게 건넸던 추억","164,000원 15.0% 할인",5.0
228,메종 프란시스 커정 바카라 루쥬 540 오 드 퍼퓸 70ml,메종프란시스 커정,"고혹미 향수, 졸여낸 구어망드 달콤함과 세련된 우디플로럴의 고급스러운 조화","275,000원 24.0% 할인",4.9
229,록시땅 체리블라썸 오 드 뚜왈렛 75ml,록시땅,식었던 마음도 다시 뛰게 만드는 투명한 분홍빛 벚꽃 내음,"51,800원 30.9% 할인",4.7
230,로에베 001 맨 오 드 뚜왈렛 50ml,로에베,"서정적이고 부드러운 우디 향기의 정석, 데일리로 편하게 쓰기 좋은 남녀공용 우디 향수","90,000원 29.7% 할인",4.9
231,랑콤 미라클 오 드 퍼퓸 30/50/100ml,랑콤,투명한 리치와 세련된 분 내음의 까칠함이 느껴지는 여성스러움,"59,800원 24.3% 할인",4.8
232,디올 조이 바이 디올 오 드 퍼퓸 90ml,디올,눈부신 햇살 속에서 파우더하게 번지는 로즈와 샌달우드의 담백 여성스러운 향기,"131,000원 41.5% 할인",4.7
233,누NOU 체리블라썸 오 드 퍼퓸 50ml,누NOU,산정호수의 하얀 설눈처럼 쌓인 벚꽃의 싱그럽고도 은은한 향기,"42,000원 16.0% 할인",5.0
234,누NOU 시크릿 블랑 오 드 퍼퓸 50ml,누NOU,포도샴푸 향기가 하루종일 보랏빛 세상을 걷게 하는 몽환적인 설레임,"42,000원 16.0% 할인",4.9
235,나르시소 로드리게즈 퓨어 머스크 30/50/100ml,나르시소 로드리게즈,순수하고 깊은 우유빛깔이 연상되는 센슈얼하고 부드러운 머스크,"53,000원 38.4% 할인",4.8
236,까사렐 아나이스 아나이스 오 드 뚜왈렛 30/50ml,까사렐,풍성하고 노곤노곤한 백합에서 연출되는 성숙한 소녀,"49,500원 10.0% 할인",4.5
237,겔랑 라쁘띠 로브 느와르 오 드 퍼퓸 100ml,겔랑,석양진 연회장에서 퍼지는 고급스러운 체리와 로즈의 향기,"113,000원 24.7% 할인",4.8
238,구찌 엔비미 오 드 뚜왈렛 30/50ml,구찌,리치와 파인애플이 상큼달콤하게 섞인 사랑스럽고 경쾌한 꽃향기,"57,800원 23.9% 할인",4.8
239,구찌 블룸 네타레 디 피오리 오 드 퍼퓸 50ml,구찌,"구찌 블룸 정원, 신비로운 노란 달콤함을 불러일으키는 넥타린과 허니서클 향기","104,800원 20.6% 할인",4.8
240,바이레도 모하비고스트 오 드 퍼퓸 50/100ml,바이레도,"연보랏빛 물안개 속, 상큼달콤한 과일비누","198,500원 17.3% 할인",4.7
241,바이레도 펄프 오 드 퍼퓸 50/100ml,바이레도,"소녀시대 제시카의 시그니처 향수, 상대의 입술에 저릿한 달콤함을 남기는 용과 향기","191,750원 20.1% 할인",4.9
242,랑세 유제니 오 드 퍼퓸 50/100ml,,누군가의 머릿속에 각인될 만큼 청초하게 퍼지는 자스민 향기,"105,600원 20.0% 할인",4.7
243,미스디올 블루밍부케 오 드 뚜왈렛 50ml,디올,"미스 디올 베스트셀러, 학생과 여인의 정체성 사이 화사하게 핀 피오니 향기","125,000원 7.4% 할인",4.8
244,톰포드 솔레이네쥬 오 드 퍼퓸,톰포드,"하얀 눈에 반사되는 빛처럼 밝게 연출되는 머스크, 살갗에 닿자마자 녹아내리는 바닐라의 부드러운 달콤함","300,000원 17.8% 할인",5.0
245,불리 오 트리쁠 루브르 전갈좌의 요정 75ml,불리 1803,"정원의 신비로운 물소리를 따라 흐르는 풀 향기와 젖은 연꽃, 앰버에서 풍기는 옅은 살 내음","193,000원 16.1% 할인",0.0
246,산타마리아노벨라 멜로 그라노 오 드 코롱,산타마리아노벨라,"하얀 비누 거품을 가득 머금은 일랑일랑 꽃이 오크모스, 장미, 파츌리를 천천히 삼켜내는 포근함","103,500원 24.5% 할인",4.8
247,프라고나르 매그놀리아 오 드 뚜왈렛 50ml,프라고나르,나긋하게 하얀 목련꽃이 흔들리는 커튼처럼 사락거리는 향기,"52,000원 13.3% 할인",5.0
248,아닉구딸 쁘띠쉐리 오 드 뚜왈렛 50/100ml,아닉구딸,"아닉구딸 베스트셀러, 청초하고 사랑스러운 데일리향수의 극미","110,000원 43.0% 할인",4.6
249,크리드 플러리시모 75ml,크리드,갓 빨아낸 새하얀 와이셔츠에서 날법한 순도높은 튜베로즈와 아이리스 향기,"365,000원 5.2% 할인",5.0
250,바이레도 영로즈 오 드 퍼퓸 50ml,바이레도,"비누의 산뜻함이 곱게 바스러지는 자리, 거품처럼 보드랍게 올라오는 장미의 수줍음 가득한 향기","198,500원 17.3% 할인",5.0
251,조말론 자스민 삼박 앤 메리골드 코롱 인텐스 50ml,조말론,"노란 메리골드 위로 아늑한 햇살처럼 쏟아지는 바닐라, 조말론 인텐스 라인 여성 베스트셀러","158,000원 24.8% 할인",5.0
252,조말론 튜버로즈 안젤리카 코롱 인텐스 50ml,조말론,"네추럴 와인을 한모금 머금은 튜베로즈, 스며든 설렘이 안젤리카 땅속으로 차분히 자리하는 향기","158,000원 24.8% 할인",4.8
253,메모 프렌치 레더 오드퍼퓸 75ml,메모,프랑스 센느강 다리위에 놓여진 스웨이드 핸드백속에서 나는 장미향기,"263,000원 24.9% 할인",5.0
254,바이레도 플라워헤드 오 드 퍼퓸 50ml,바이레도,밝고 화사한 느낌의 프루티한 꽃향기,"193,500원 19.4% 할인",4.5
255,메모 인레 오 드 퍼퓸 75ml,메모,노곤노곤하게 달콤한 오스만투스의 달콤함이 연출하는 청순섹시,"258,000원 26.3% 할인",4.7
256,누NOU 자스민 오 드 퍼퓸 50ml,누NOU,밤 중의 별처럼 빛나듯이 피어난 자스민의 싱그러움,"42,000원 16.0% 할인",5.0
257,스테파니 브루진 파리생제르망 오 드 퍼퓸 100ml,스테파니 브루진,안개에 젖은 레몬 홍차 티백이 천천히 우러날 때 - 중성적인 달콤함을 자아내는 향기,"225,000원 10.0% 할인",5.0
258,딥디크 트레블퍼퓸 오 드 뚜왈렛 12ml,딥티크,"직접 커스터마이징하는 나만의 딥디크, 반영구적 사용으로 지속가능성까지 고려한 트레블 스프레이","130,500원 17.9% 할인",5.0
259,톰포드 비터 피치 오 드 퍼퓸 50ml,톰포드,"보일 듯 말듯, 파츌리에 가려진 복숭아의 농익은 달콤함이 더욱 은밀하게 느껴지는 순간","288,000원 38.7% 할인",4.9
260,바이레도 슈퍼 시더 오 드 퍼퓸,바이레도,"심플하되, 모던하게- 시더우드의 군더더기 없는 깔끔함이 가장 잘 묘사된 향수","198,500원 17.3% 할인",5.0
261,까사렐 노아 오 드 뚜왈렛 30/50/100ml,까사렐,순수한 머스크 플로럴의 극강한 부드러움,"49,500원 10.0% 할인",4.7
262,프레데릭 말 포트레이트 오브 어 레이디 50ml,프레데릭말,"비에 젖은 라즈베리와 짙은 색의 장미가 쌉싸름하고 우디한 파츌리와 어울린, 고혹적 분위기","277,800원 21.3% 할인",5.0
263,퍼퓸 드 말리 까실리 75ml,퍼퓸 드 말리,사랑스러운 푸루메리아 꽃잎에 잘 익은 복숭아 설탕을 흩뿌린 향기,"278,000원 18.2% 할인",4.0
264,끌로에 우먼 오 드 퍼퓸,끌로에,"이성 반응이 보장된 베스트셀러, 커튼처럼 부드러이 유영하는 분홍색 피오니 향기","87,000원 42.0% 할인",4.9
265,르라보 리스 41 오 드 퍼퓸 100ml,르라보,바닐라에 적셔진 백합꽃을 모아 향초로 차분히 녹여낸 듯- 흰 고급스러움,"325,000원 12.2% 할인",5.0
266,아쿠아 디 파르마 바닐라 오 드 퍼퓸 100ml,아쿠아 디 파르마,"오후 2시의 바닐라빛 햇살, 헬리오트로프를 베고 노곤히 쏟아지는 잠을 청하는 편안한 향기","185,000원 43.9% 할인",0.0
267,에르메스 오드 메르베이 오 드 뚜왈렛 50ml,에르메스,석양처럼 차분하고 단아하게 퍼지는 앰버의 우아함,"118,000원 17.5% 할인",4.8
268,세르주루텐 뉘드셀로판 오 드 퍼퓸,세르주루텐,"세르주루텐 베스트셀러, 샴푸 향기처럼 은은한 오스만투스가 마음을 홀리게 하는 상큼함","148,000원 27.8% 할인",4.9
269,에르메스 운 자르뎅 메디테라네 오 드 뚜왈렛,에르메스,"분수대 앞 공원 벤치에 걸터앉아 느껴보는, 햇살처럼 번지는 오렌지와 무화과 나무에서 퍼지는 달콤한 향기","145,000원 17.1% 할인",0.0
270,메종마르지엘라 플라워마켓 30/100ml,메종 마르지엘라,자취가 아련하게 남아 반응 좋은 촉촉한 가든 플라워 향기,"80,900원 9.1% 할인",4.7
271,아이젠버그 땅따이숑 오 드 퍼퓸,아이젠버그,"쌀쌀한 날씨에 더욱 손이 가는, 달콤한 통카빈과 핑크페퍼의 균형 잡힌 포근함","47,400원 40.0% 할인",4.0
272,아이젠버그 루즈 앤 느와르 오 드 퍼퓸,아이젠버그,새빨간 립스틱의 관능미와 느와르 식의 흑백이 자아내는 관능미,"47,400원 40.0% 할인",5.0
273,메종 마르지엘라 버블바스 100ml,메종 마르지엘라,"거품목욕 사이 비눗방울 하나, 공중에서 터진 코코넛의 달콤함이 세상을 촉촉하게 적시는 맑은 내음","145,000원 17.1% 할인",4.9
274,크리드 스프링 플라워 75ml,크리드,"천진난만한 맑음이 떠오르는 기분좋은 살구, 복숭아의 상큼달콤함","315,000원 19.2% 할인",4.6
275,딥디크 오프레지아 오 드 뚜왈렛 100ml,딥티크,"싱그러운 프리지아 한 다발이 몰고 온 봄기운, 잔잔하고 산뜻한 생화 프리지아 향기","178,000원 10.6% 할인",4.9
276,딥디크 로데헤스페리데스 오 드 뚜왈렛 100ml,딥티크,"옅은 바람을 등지고 맡아지는 비터오렌지, 민트, 로즈마리의 프레시함이 마음을 톡톡 건드는 상쾌함","175,000원 12.1% 할인",5.0
277,아이젠버그 러브어페어 우먼 30/50/100ml,아이젠버그,"정말 편한 나시, 가디건 차림에서 풍기는 살 내음이 더 여자로 느껴질 때","65,200원 17.5% 할인",4.8
278,불리 오 트리쁠 밀로의 비너스 75ml,불리 1803,섬세한 자스민과 풍성한 매그놀리아가 비누처럼 순하게 흐려지는 순간 달콤하게 피어나는 앰버 향기,"185,000원 19.6% 할인",0.0
279,킬리안 포비든게임즈 오 드 퍼퓸 50ml,킬리안,붉으스름한 홍조를 띈 복숭아의 나른함에서 금지된 장난을 떠올리게 하는 야릇한 향기,"275,000원 10.7% 할인",4.0
280,바이레도 인플로레센스 오 드 퍼퓸,바이레도,연노랑 원피스 같은 은은한 달콤함,"198,500원 17.3% 할인",5.0
281,크리드 아쿠아 피오렌티나 오 드 퍼퓸 30ml,크리드,"비 내린 이탈리아의 과수원 한가운데, 화사한 로즈와 물먹은 자두 향기","215,000원 17.3% 할인",5.0
282,딥디크 오 로즈 오 드 뚜왈렛 50/100ml,딥티크,"세상 깔끔한 헤어미스트 같은 생장미 향기, 싱그러운 향","128,000원 10.5% 할인",4.8
283,입생로랑 리브르 인텐스 30ml,입생로랑,"리브르의 라벤더 - 오렌지블라썸을 따스하게 감싸안는 통카빈, 고급스러운 럭셔리","91,500원 11.2% 할인",4.8
284,크리드 어벤투스 포허 30/75ml,크리드,시크함과 귀여운 관능미를 동시에 갖고 있는 스모키한 애플로즈,"230,000원 25.8% 할인",4.5
285,에르메스 트윌리 데르메스 오진저 오 드 퍼퓸,에르메스,"긴 쉬폰 원피스와 사근사근한 말투를 닮은 플로럴, 모든 행동과 말투에서 묻어나오는 우아함","113,000원 22.6% 할인",0.0
286,아쿠아 디 파르마 오스만투스 오 드 퍼퓸 100ml,아쿠아 디 파르마,만개한 오스만투스 꽃을 가득 모아 살결에 가까운 비누로 정갈하게 만든 상큼함,"205,000원 37.9% 할인",4.8
287,프라고나르 에밀 30/60/100/200ml,프라고나르,"동화 속 공주가 산책 중 흘린 하얀 손수건, 그곳에서 풍기는 맑고 포근한 비누내음","71,500원 8.3% 할인",4.1
288,메모 오션 레더 오 드 퍼퓸 75ml,메모,"시원한 바닷바람을 타고 부서지는 시트러스와 얇은 종이를 바닷물에 풀어헤친듯, 가볍게 올라오는 우디","263,000원 24.9% 할인",0.0
289,겔랑 미츠코 오 드 뚜왈렛 93ml,겔랑,"100년을 이어온 겔랑 하우스의 명작, 고혹스런 자스민의 자태에 매료될 수 밖에 없는 향기","54,000원 44.3% 할인",0.0
290,바이레도 슬로우 댄스 오 드 퍼퓸 100ml,바이레도,"달콤한 바닐라 코냑에 취해갈 때, 현실은 흐려지고 사랑은 더욱 짙어지는 로맨틱한 공간의 향기","255,750원 22.5% 할인",5.0
291,크리드 러브 인 블랙 75ml,크리드,"서정적이게 아름다운 바이올렛과 아이리스, 통카빈이 폭닥하게 어울린 향기","315,000원 19.2% 할인",4.8
292,딥디크 오 모헬리 오 드 뚜왈렛 100ml,딥티크,"샛노란 꽃들 사이로 허브향을 싣고 불어오는 산들바람, 그리고 일랑일랑의 향기","175,000원 12.1% 할인",5.0
293,프레데릭 말 카날 플라워 50ml,프레데릭말,세상을 포근하게 감싸듯 정돈된 튜베로즈의 우아함,"278,000원 21.2% 할인",4.6
294,프레데릭 말 로디베 50ml,프레데릭말,"보라빛 꽃 위를 살랑이는 흰 나비처럼, 헬리오트로프와 머스크가 연출하는 연약한 포근함","205,000원 15.6% 할인",0.0
295,프라다 레스 인퓨전 디 미모사 오 드 퍼퓸 100ml,프라다,포근하게 안길 것 같은 여리여리한 미모사 비누 향기,"184,000원 9.8% 할인",4.7
296,메모 일하도멜 오 드 퍼퓸 75ml,메모,"담백한 가드니아와 히아신스가 바람에 일렁이는, 밝고 여리여리하게 퍼지는 언덕의 분위기","263,000원 24.9% 할인",5.0
297,조르지오 아르마니 마이웨이 오 드 퍼퓸 30ml,조르지오아르마니,"박신혜를 닮은 생기발랄한 딸기, 투베로즈가 보석처럼 영롱하게 빛나는 순간","77,800원 21.4% 할인",5.0
298,조말론 로즈 블러쉬 코롱 50ml,조말론,"리치 과즙을 한껏 머금은 채 수줍음에 볼 밝히는, 선홍빛 두 뺨을 가진 여린 장미 향기","120,000원 20.0% 할인",0.0
299,킬리안 굿걸곤배드 오 드 퍼퓸 50ml,킬리안,"순수와 퇴폐의 미학, 붉으스름한 홍조를 띈 복숭아의 미묘함","275,000원 10.7% 할인",4.7
300,킬리안 플라워 오브 이모탈리티 오 드 퍼퓸 50ml,킬리안,"속살 하얀 복숭아를 문 채, 목선에서 어렴풋이 나는 분내가 짙은 끌림을 만들어내는 향기","275,000원 10.7% 할인",5.0
301,티에리 뮈글러 엔젤 오 드 퍼퓸 50ml,티에리 뮈글러,"유혹의 정석, 대담하게 유혹하는 달콤 아찔 플럼-바닐라","87,000원 27.5% 할인",4.8
302,입생로랑 몽파리 오 드 빠르펭 50ml,입생로랑,"상대의 은밀함을 끌어내는 로맨틱과, 스킨십을 불러 일으키는 달콤함을 겸비한 피오니 부케","105,000원 34.0% 할인",4.8
303,에스티로더 모던뮤즈 오 드 퍼퓸 50ml,,살랑거리는 분홍 스커트처럼 내 마음을 들었다 놨다 하는 플로럴,"88,500원 33.0% 할인",5.0
304,에르메스 운 자르뎅 수르 라 라군 오 드 뚜왈렛 30/50ml,에르메스,따뜻한 돌담길 너머에 아늑하게 핀 백합과 나무 그리고 정원,"70,000원 12.5% 할인",4.9
305,아쿠아 디 파르마 유자 오 드 퍼퓸 100ml,,유자의 상큼함이 주변 꽃들에 맺힌 이슬까지 가볍게 흔들 때 코 끝에 감도는 수분감있는 향기,"198,000원 36.1% 할인",5.0
306,아이젠버그 백 투 파리 오 드 퍼퓸 30/50ml,아이젠버그,"라라랜드 속 베리의 달콤함이 파츌리, 머스크와 만나 보랏빛 석양을 지게 하는 몽환적인 향기","65,200원 17.5% 할인",4.7
307,시슬리 오 뒤 스와르 오 드 퍼퓸 50ml,시슬리,"부드럽고 또 고상하게, 늘 아름답게 남는 여인의 자취","158,000원 12.2% 할인",4.8
308,세르주루텐 끌레 드 머스크 오 드 퍼퓸,세르주루텐,하얀 터키쉬 앙고라 고양이가 가지런히 앞발을 모으고 있는 듯한 아이리스 - 머스크 향기,"253,500원 14.9% 할인",4.9
309,세르주루텐 라 비에르쥐 드 페 오 드 퍼퓸,세르주루텐,촉촉한 비를 맞으며 서늘함 속에 홀로 하얗게 빛나고 있는 백합의 향기,"174,500원 14.9% 할인",5.0
310,세르주루텐 루브 오 드 퍼퓸 100ml,세르주루텐,"체리 사탕이 산산조각 날 때, 유리 조각이 크리스탈이 되어 날카롭게 퍼지는 아름다움","395,000원 15.1% 할인",0.0
311,분더샵 에버 얼웨이즈 오 드 퍼퓸 50ml,분더샵,"햇살이 닿아, 오스만투스와 피치가 반짝거리며 연출하는 상큼함","82,800원 40.0% 할인",4.5
312,메종 마르지엘라 레플리카 댄싱 온 더 문 100ml,메종 마르지엘라,밤하늘의 달빛아래 춤추는 선녀의 옷자락 같은 화이트플로럴 향기,"215,000원 14.0% 할인",4.6
313,롤리타 렘피카 롤리타 랜드 오 드 퍼퓸 40/80ml,롤리타렘피카,잔상처럼 여운이 길게 남는 베리와 자스민의 달콤함 여성미,"64,800원 28.8% 할인",5.0
314,랄프로렌 블루 우먼 오 드 뚜왈렛 40/125ml,랄프로렌,"랄프로렌 스테디셀러, 시원하게 말라가는 청사과향 샴푸 향기","87,000원 20.9% 할인",4.7
315,디올 자도르 인피니심 오 드 퍼퓸 50/100ml,디올,"쟈도르를 감싸안은 튜베로즈, 그 하얀 풍성함에서 연출되는 고급스러움","126,000원 25.0% 할인",5.0
316,미스디올 앱솔루틀리 블루밍 오 드 퍼퓸 50/100ml,디올,"밤을 입은 베리, 짙어진 피오니 꽃잎이 연출하는 고혹스러움","115,000원 48.7% 할인",4.5
317,돌체 앤 가바나 레드 오 드 뚜왈렛 100ml,돌체앤가바나,잔잔한 꽃비누내음처럼 부드러운 알데하이드 노트의 정수,"128,000원 14.7% 할인",4.5
318,끌로에 압솔뤼 퍼퓸 30/50/75ml,끌로에,센티폴리아 바디크림을 은은하게 바른듯한 담백하고 고급스러운 여성향수,"71,500원 34.4% 할인",4.9
319,끌로에 로즈 드 끌로에 30/50/75ml,끌로에,셋째딸 같은 생화장미 향기,"54,000원 42.6% 할인",4.8
320,겔랑 몽 겔랑 오 드 뚜왈렛 30/50ml,겔랑,화끈한 이태원 거리도 압살할 센슈얼하고 관능적인 프루티 플로럴,"50,000원 28.6% 할인",4.8
321,겔랑 랭스땅뜨 드 겔랑 오드뚜왈렛 50/100ml,겔랑,단발에 잘 어울리는 친밀한 허니앰버의 소프트한 구어망드 파우더 향기,"67,000원 54.7% 할인",4.3
322,바이레도 비블리오티크 오 드 퍼퓸 50ml,바이레도,"바이레도 캔들 베스트셀러가 향수로 출시된, 섬세한 가죽과 달콤한 라즈베리가 완성하는 빈티지 무드","191,750원 16.6% 할인",0.0
323,겔랑 랭스땅뜨 드 겔랑 오드퍼퓸 50/100ml,겔랑,단발에 잘 어울리는 친밀한 허니앰버의 소프트한 구어망드 파우더 향기,"70,000원 58.3% 할인",4.5
324,겔랑 라쁘띠 로브 느와르 오 드 뚜왈렛 30/50/100ml,겔랑,석양진 연회장에서 퍼지는 고급스러운 체리와 로즈의 향기,"64,000원 50.4% 할인",4.6
325,구찌 블룸 암브로시아 디 피오리 오 드 퍼퓸 30ml,구찌,노을을 삼킨 로즈와 튜베로즈 향기,"75,800원 34.1% 할인",5.0
326,구찌 블룸 아쿠아 디 피오리 오 드 뚜왈렛 50ml,구찌,"푸릇한 정원이 주는 상큼함, 구찌 블룸의 신상","104,800원 20.6% 할인",4.8
327,구찌 플로라 고져스 가드니아 오 드 뚜왈렛 50ml,구찌,"달콤한 레드베리를 가드니아에 휘감아놓은, 여성스러움이 한껏 극대화된 섹시미","86,000원 13.1% 할인",4.7
328,불리 오 트리플 페루 헬리오트로프 75ml,불리 1803,"바이올렛이 가득한 공중정원 속, 부드럽게 퍼지는 헬리오트로프 향기","170,000원 17.1% 할인",4.8
329,불리 오 트리쁠 목수 성 요셉 75ml,불리 1803,일렁이는 바닐라와 히노끼의 편백향이 나무기둥 사이로 천천히 스며드는 소프트-우디 향,"185,000원 19.6% 할인",5.0
330,본드 넘버 나인 차이나타운 오 드 퍼퓸 100ml,본드 넘버 나인,홍대 사거리 체리나무 아래에서 날 법한 매력적이고 독특한 달콤함,"186,800원 56.5% 할인",0.0
331,발렌티노 발렌티나 우먼 오 드 퍼퓸 80ml,발렌티노,첫 데이트에 가장 잘 어울릴 것 같은 여성스러운 향기,"135,000원 15.6% 할인",4.8
332,발렌티노 발렌티나 블러쉬 오 드 퍼퓸 50/80ml,발렌티노,달콤한 체리향과 화사한 로즈의 풍미에 스웨이드의 묵직함을 담아낸 향기,"97,000원 19.8% 할인",5.0
333,바이레도 라튤립 오 드 퍼퓸 50/100ml,바이레도,"촉촉한 튤립을 감싸고 있는 하얀 수건, 청순미의 극치","198,500원 17.3% 할인",4.8
334,바이레도 선데이즈드 오 드 퍼퓸 50/100ml,바이레도,설탕을 버무린 오렌지맛 코튼캔디가 석양에 스르르 녹는향기,"191,750원 20.1% 할인",4.6
335,바이레도 로즈 오브 노 맨즈 랜드 오 드 퍼퓸 50ml,바이레도,"바이레도가 그린 선명한 로즈, 라즈베리 이슬이 차가운 장미를 녹이며 깨어나는 싱그런 향기","198,500원 17.3% 할인",5.0
