,,이름,브랜드,향 설명,가격,평점
Best,0,조말론 블랙베리 앤 베이 코롱,조말론,유기농으로 키운 블랙베리의 건강한 맛을 그대로 재현한 베스트셀러,"83,800원",4.8
Best,1,산타마리아노벨라 프리지아 50ml,산타마리아노벨라,새하얀 수건을 개어놓은 듯한 고혹적인 비누향기,"103,500원",4.8
Best,2,르라보 어나더 13 오 드 퍼퓸 50ml,르라보,바닐라와 동물적인 암브레트 씨드에서 주는 우디한 살내음,"220,000원",5.0
Best,3,르라보 상탈 33 오 드 퍼퓸 50ml,르라보,짙은 고동나무와 푸릇한 파피루스가 울창하게 심어져 있는 오스트레일리아의 숲속,"220,000원",4.9
Best,4,톰포드 오드우드 오 드 퍼퓸 50ml,톰포드,"오우드의 성숙함을 극대화, 톰포드 클래식 섹시의 정수","265,000원",4.8
Best,5,아쿠아 디 파르마 미르토 디 파나레아 오 드 뚜왈렛,아쿠아 디 파르마,"청량한 비누향수의 대명사, 아쿠아 디 파르마 베스트셀러","73,000원",4.8
Best,6,세르주루텐 라 휘드 베흘랑 오 드 퍼퓸,세르주루텐,"고혹적으로 부서지는 붉은 장미, 세르주루텐 특유의 서늘한 감성이 녹아난 베스트셀러","130,000원",4.8
Best,7,조말론 허니서클 앤 다바나 코롱,조말론,연노랑빛 쉬폰 드레스 자락처럼 마음을 살랑살랑 간질일 것 같은 다바나 향기,"87,800원",5.0
Best,8,산타마리아노벨라 프리지아 오 드 코롱 100ml,산타마리아노벨라,새하얀 수건을 개어놓은 듯한 고혹적인 비누향기,"152,000원",4.8
Best,9,세르주루텐 로흐플린 오 드 퍼퓸,세르주루텐,도시의 잿빛을 닮은 숨결이 인센스처럼 퍼지는 오리엔탈 - 머스크 내음,"174,500원",5.0
Best,10,에르메스 H24 오 드 뚜왈렛 50/100ml,에르메스,"에르메스 남자향수의 새로운 역사, 5월의 산뜻함이 잔뜩 배인 비누계열 스클라렌 향기","85,000원",4.9
Best,11,조말론 포피 앤 바알리 코롱,조말론,"보리수의 달콤함 위로 블랙커런트 이슬이 스며드는 양귀비, 한 폭의 낭만을 완성짓는 향기","83,800원",4.9
Best,12,아이젠버그 조즈 옴므 30/50/100ml,아이젠버그,따뜻한 아메리카노처럼 상대의 마음을 잔잔히 녹아들게 하는 달콤함,"65,200원",4.8
Best,13,조말론 오렌지 블로썸 코롱,조말론,영국시골 오렌지 농장에서 이슬을 맞은채 굴러다니는 오렌지 껍질향기,"81,800원",4.8
Best,14,톰포드 블랙 오키드 오 드 퍼퓸 50ml,톰포드,"톰포드 베스트셀러, 럼에 담긴 플럼의 다크한 보랏빛이 연출하는 퇴폐적인 관능미","160,000원",4.9
Best,15,조말론 잉글리쉬 페어 앤 프리지아 코롱,조말론,"조말론 여자향수 베스트, 부드럽고 우아한 느낌의 프리지아 향기","87,800원",4.8
Best,16,조말론 우드 세이지 앤 씨솔트 코롱,조말론,허브나무의 잔잔한 담백함이 모던하게 퍼지는 편안한 향기,"87,800원",4.8
Best,17,세르주루텐 라 를르지외즈 오 드 퍼퓸,세르주루텐,"검은 고양이가 하얀 자스민 꽃잎에 쉬다 간 자리, 진하게 남는 다크 머스크의 긴 여운","174,500원",5.0
Best,18,세르주루텐 다튜라느와 오 드 퍼퓸,세르주루텐,"깊은 상처까지 감싸 안아줄 것 같은, 헬리오트로프와 튜베로즈의 안락한 편안함","174,500원",5.0
Best,19,아이젠버그 오프레쉬 옴므 30/50/100ml,아이젠버그,"자신만의 생활 루틴을 가진 부지런한 남자, 그 아침을 상쾌하게 여는 라벤더-베티버 향기","65,200원",4.7
Best,20,바이레도 우드이모텔 오 드 퍼퓸,바이레도,"챗베이커의 음악, 로즈우드 테이블과 위스키, 타바코 담배가 모여 한 편의 재즈를 연주하는 감각적인 향기","197,000원",4.7
Best,21,킬리안 불레이 부 쿠셔 아베끄 모아 (나랑잘래) 오 드 퍼퓸 50ml,킬리안,"침대 위의 연인, 서로를 포근하게 끌어안은 온기만큼 몽글하게 퍼지는 화이트 플로럴-머스크","265,000원",5.0
Best,22,아이젠버그 오프레쉬 우먼 30/50/100ml,아이젠버그,"라벤더의 선선함을 따라 이끌려간 곳, 아로마틱한 여운이 길게 남는 향기","65,200원",4.9
Best,23,메종 마르지엘라 위스퍼 인 더 라이브러리,메종 마르지엘라,해리포터 도서관이 연상되는 웅장하고 부드러운 나무와 통카빈향기,"145,000원",4.7
Best,24,세르주루텐 튜베로즈 크리미넬 오 드 퍼퓸,세르주루텐,"달빛처럼 유려하게 흐르는 곡선, 튜베로즈의 본질에 가장 가깝게 마주한 순연의 향기","395,000원",0.0
Best,25,입생로랑 리브르 오 드 퍼퓸,입생로랑,"따뜻한 라벤더의 포근함 속, 힘있게 남는 오렌지블라썸 커리어우먼","82,000원",4.8
Best,26,구찌 블룸 프로푸모 디 피오리 오 드 퍼퓸 50ml,구찌,구찌의 아이코닉한 블룸 감성을 더 잔잔하게 풀어낸 튜베로즈 향기,"107,000원",4.8
Best,27,세르주루텐 페미니떼드부아 오 드 퍼퓸,세르주루텐,"세르주루텐의 첫 작품, 오리엔탈 계열의 삼나무와 클로브가 묘사하는 관능적인 여성성의 끝","174,500원",4.3
Best,28,킬리안 문라이트 인 헤븐 오 드 퍼퓸 50ml,킬리안,"파랗게 물든 저녁 하늘, 그대와 맞잡은 두 손이 저릿한 설렘을 일으키는 트로피컬 향기","285,000원",4.9
Best,29,딥디크 탐다오 오 드 뚜왈렛,딥티크,내 마음을 달래주는 가장 편한 우디 향기,"128,000원",4.9
Best,30,세르주루텐 플뢰르 도랑제 오 드 퍼퓸,세르주루텐,무르익은 튜베로즈 꽃망울이 터지며 달콤한 허니 디저트 위로 사뿐히 내려앉는 섬세함,"174,500원",5.0
Best,31,조말론 프랑지파니 플라워 코롱 30ml,조말론,봄바람을 탄 프랑지파니 꽃잎이 천천히 유영하듯 흐르는 하얀 아름다움,"87,800원",4.8
Best,32,바이레도 어코드 우드 오 드 퍼퓸,바이레도,"느와르 식의 거칠고 섹시한, 스모키 오우드 향수의 끝판왕","197,000원",5.0
Best,33,바이레도 선데이 코롱 오 드 퍼퓸,바이레도,"센트럴파크 화단에 핀 제라늄과 베티버, 그 사이를 톡톡히 적시는 푸른 봄비의 베르가못","197,000원",5.0
Best,34,불리 오 트리플 다마스크 로즈 75ml,불리 1803,"장미 본연의 분위기, 온전한 아름다움으로 모두를 납득시키는 유려함","170,000원",4.9
Best,35,세르주루텐 파이브 어 클락 오 진저 오 드 퍼퓸,세르주루텐,"영국 신사와 갖는 티타임, 그의 매너를 닮은 산뜻 달콤한 우디- 진저 티 한잔","174,500원",5.0
Best,36,아이젠버그 디아볼리끄 옴므 30/50/100ml,아이젠버그,"나쁜 게 확실한데, 도저히 미워할래야 미워할 수 없는 매력","65,200원",4.8
Best,37,프레데릭 말 윈로즈 30ml,프레데릭말,"야생화 기운을 받은 로즈, 그 치명적인 매력의 생장미 향기","195,000원",4.7
Best,38,세르주루텐 상탈 마제스퀼 오 드 퍼퓸,세르주루텐,샌달 우드의 숨겨진 마스터피스- 샌달 나무의 하얀 속살을 인센스 향기가 감싸안는 신비로움,"174,500원",5.0
Best,39,바이레도 1996 오 드 퍼퓸,바이레도,"인센스 연기가 자욱한 작업실 안, 바이올렛의 나른함을 풍기는 신비로운 예술가의 분위기를 담아낸 향기","193,500원",5.0
Best,40,메종마르지엘라 레이지선데이 모닝 100ml,메종 마르지엘라,"편안한 침대에 누웠을 때, 이불 속으로 온 몸이 녹아들듯 느껴지는 편안함","145,000원",4.8
Best,41,산타마리아노벨라 로사 가데니아 오 드 코롱 50ml,산타마리아노벨라,"연하고 여린 장미, 그 위로 투명하도록 지나가는 머스크가 완성하는 맑고 깨끗한 향기","102,000원",4.9
Best,42,바이레도 블랑쉬 오 드 퍼퓸 50/100ml,바이레도,"바이레도 대표작, 기분까지 상큼해지는 산뜻한 비누","205,000원",4.8
Best,43,딥디크 도손 오 드 퍼퓸 75ml,딥티크,"쌉싸름한 깨끗함에 바닐라를 섞은, 아이보리색 튜베로즈 향기","196,500원",4.8
Best,44,산타마리아노벨라 멜로 그라노 오 드 코롱,산타마리아노벨라,"하얀 비누 거품을 가득 머금은 일랑일랑 꽃이 오크모스, 장미, 파츌리를 천천히 삼켜내는 포근함","103,500원",4.8
Best,45,미스디올 블루밍부케 오 드 뚜왈렛 50ml,디올,"미스 디올 베스트셀러, 학생과 여인의 정체성 사이 화사하게 핀 피오니 향기","125,000원",4.8
Best,46,세르주루텐 뉘드셀로판 오 드 퍼퓸,세르주루텐,"세르주루텐 베스트셀러, 샴푸 향기처럼 은은한 오스만투스가 마음을 홀리게 하는 상큼함","148,000원",4.9
Best,47,톰포드 패뷸러스 오 드 퍼퓸 50ml,톰포드,"이성이 아닌 본성을 자극하는, 퇴폐미 가득한 섹시함","365,000원",4.9
Best,48,디올 소바쥬 60ml,디올,"시크, 섹시 모든 것을 다 갖춘 남성의 정점에서 느껴지는 아우라","90,000원",4.8
Best,49,불리 오 트리플 리켄 데코스 75ml,불리 1803,"비에 젖은 이끼 사이를 운행하는 상쾌한 바람, 그 깨끗한 자연의 향기","170,000원",4.9
Best,50,톰포드 비터 피치 오 드 퍼퓸 50ml,톰포드,"보일 듯 말듯, 파츌리에 가려진 복숭아의 농익은 달콤함이 더욱 은밀하게 느껴지는 순간","288,000원",4.9
Unisex,0,조말론 포피 앤 바알리 코롱,조말론,"보리수의 달콤함 위로 블랙커런트 이슬이 스며드는 양귀비, 한 폭의 낭만을 완성짓는 향기","83,800원",4.9
Unisex,1,몽클레르 뿌르 옴므 오 드 퍼퓸,몽클레르,"사이프러스의 시원한 상록수잎과 시더우드가 만나 퍼지는, 겨울 한기를 품은 자연의 향기","110,000원",0.0
Unisex,2,에르메스 르 자르뎅 드 무슈리 오 드 뚜왈렛,에르메스,"호숫가 젖은 돌 틈새로 퍼지는 이슬 맺힌 풀 내음, 그 사이에 아로새겨진 금귤의 상큼함","110,000원",0.0
Unisex,3,아쿠아 디 파르마 미르토 디 파나레아 오 드 뚜왈렛,아쿠아 디 파르마,"청량한 비누향수의 대명사, 아쿠아 디 파르마 베스트셀러","73,000원",4.8
Unisex,4,딥디크 오카피탈 오 드 퍼퓸 75ml,딥티크,"가시돋힌 장미의 줄기를 타고 흘러내리는 파츌리, 장미의 이면을 드러낸 독보적인 분위기의 향","191,800원",5.0
Unisex,5,키에린 뉴욕 로즈 잉크 오 드 퍼퓸 스프레이,키에린 뉴욕,"시더우드와 샤프란 사이, 흩날리는 장미 꽃잎의 생경함","54,000원",0.0
Unisex,6,키에린 뉴욕 샹탈 스카이 오 드 퍼퓸 스프레이,키에린 뉴욕,"샌달우드와 베티버가 선사하는, 자유로운 뉴요커의 하루 한 조각","54,000원",0.0
Unisex,7,키에린 뉴욕 니트로 느와 오 드 퍼퓸 스프레이,키에린 뉴욕,"시프레와 구르몽이 초대하는, 향긋함이 감도는 뉴욕 도심의 풍경","145,000원",0.0
Unisex,8,키에린 뉴욕 10am 플러트 오 드 퍼퓸 스프레이,키에린 뉴욕,"캐시미어 우드와 샌달우드가 전하는, 조화롭고 풍부한 뉴욕 도심 속 자연의 향취","145,000원",0.0
Unisex,9,키에린 뉴욕 디스커버리 세트 4종 오 드 퍼퓸 스프레이,키에린 뉴욕,"뉴욕의 정취를 가득 담아, 키에린 뉴욕이 선보이는 4종 4색 향기 모음","45,000원",0.0
Unisex,10,조말론 우드 세이지 앤 씨솔트 코롱,조말론,허브나무의 잔잔한 담백함이 모던하게 퍼지는 편안한 향기,"87,800원",4.8
Unisex,11,조말론 블랙베리 앤 베이 코롱,조말론,유기농으로 키운 블랙베리의 건강한 맛을 그대로 재현한 베스트셀러,"83,800원",4.8
Unisex,12,조말론 피그 앤 로터스 플라워 코롱,조말론,"단비가 그친 후, 흙과 무화과 잎이 함께 어우러져 한 폭의 풍경화가 되는 자연의 향기","87,800원",4.9
Unisex,13,조말론 바질 앤 네롤리 코롱,조말론,"기분까지 상쾌해지는 그리너리한 바질, 조말론의 숨겨진 녹색 비누 향기","87,800원",4.8
Unisex,14,조말론 154 코롱,조말론,"여유가 흐르는 런던의 베티버 나무, 만다린과 자몽의 산뜻함이 저절로 호감가게 만드는 남성의 정석","87,800원",5.0
Unisex,15,조말론 라임 바질 앤 만다린 코롱,조말론,풋풋한 느낌의 라임과 바질이 어울린 깨끗하고 청량한 향기,"87,800원",4.8
Unisex,16,톰포드 화이트 스웨이드 오 드 퍼퓸 50ml,톰포드,"한뼘 사이의 숨소리, 서로를 바라보는 눈빛의 기류를 닮은 머스크 향기","260,000원",4.9
Unisex,17,조말론 다크 앰버 앤 진저 릴리 코롱 인텐스,조말론,"성별 무관, 시간을 느리게 흐르게 만드는 몽환적인 달콤함","185,000원",4.7
Unisex,18,에르메스 보야지 데르메스 오 드 뚜왈렛,에르메스,"레몬과 홍차가 섞여 가을 낙엽이 떨어지는 듯, 우수에 젖은 분위기가 멋지게 연출된 가을 향기","145,000원",4.8
Unisex,19,딥디크 오듀엘르 오 드 퍼퓸 75ml,딥티크,따뜻한 햇살이 내려앉는 마당의 흙과 나무 그리고 바닐라가 어우러진 아늑한 향기,"196,500원",5.0
Unisex,20,디올 옴므 코롱,디올,포카리 스웨트처럼 청량하고 깔끔한 공용 향수,"102,500원",4.8
Unisex,21,반클리프 앤 아펠 네롤리 아마라 오 드 퍼퓸,반클리프 앤 아펠,"티 없는 가을 하늘의 청량한 달콤함이 나리는, 네롤리와 잔잔한 우디가 선사하는 산뜻함","187,000원",5.0
Unisex,22,딥디크 롬브로단로 오 드 퍼퓸 75ml,딥티크,"새벽이슬과 고고한 밀담을 나누는 로즈,블랙커런트의 쌀쌀함","196,500원",4.8
Unisex,23,아쿠아 디 파르마 베르가못 디 칼라브리아 오 드 뚜왈렛,아쿠아 디 파르마,라벤더 정원에서 피어 있는 풋 사과에서 날것 같은 산뜻한 비누향기,"104,000원",4.8
Unisex,24,아쿠아 디 파르마 치노또 디 리구리아 75/150ml,아쿠아 디 파르마,이태리 남부의 따스한 햇살같은 시트러스가 마음을 어루만지는 평온함,"83,800원",4.3
Unisex,25,샤넬 레조 드 파리 도빌 오 드 뚜왈렛 50ml,샤넬,"올여름, 가장 청량한 잔디에서 쉬는 듯한 편안함","124,000원",4.9
Unisex,26,불가리 쁘띠마망 오 드 뚜왈렛,불가리,"아이와 엄마가 그려지는 귀엽고 포근한, 사랑스러움을 담은 베이비 파우더 향기","65,000원",0.0
Unisex,27,샤넬 레조 드 파리 비아리츠 오 드 뚜왈렛 50ml,샤넬,제주도의 편안한 온도와 분위기를 닮은 귤 내음,"124,000원",4.8
Unisex,28,톰포드 만다리노 디 아말피 오 드 퍼퓸,톰포드,아말피산 만다린이 지중해 파도 거품으로 녹아드는 순간을 담은 싱그러움,"295,000원",0.0
Unisex,29,돌체앤가바나 라이트블루 오 인텐스 25/50/100ml,돌체앤가바나,기존의 돌체 라이트블루를 능가하는 완성된 상큼함,"53,000원",4.9
Unisex,30,산타마리아노벨라 포푸리 오 드 코롱 100ml,산타마리아노벨라,"마르지 않은 땅 위 텐트를 친 야영, 다양한 나무냄새와 진한 허브가 아로마틱하게 퍼지는 밤","152,000원",5.0
Unisex,31,로에베 001 우먼 오 드 뚜왈렛 30/50ml,로에베,"로에베 특유의 서정적 우디 내음이 잘 표현된, 바닐라-코코넛의 분분한 낙화의 향기","72,000원",4.8
Unisex,32,에르메스 운 자르뎅 수르닐 오 드 뚜왈렛,에르메스,맑은 정원의 연꽃이 생각나는 은은하고 투명한 향기,"64,000원",4.8
Unisex,33,세르주루텐 라 휘드 베흘랑 오 드 퍼퓸,세르주루텐,"고혹적으로 부서지는 붉은 장미, 세르주루텐 특유의 서늘한 감성이 녹아난 베스트셀러","130,000원",4.8
Unisex,34,딥디크 탐다오 오 드 뚜왈렛,딥티크,내 마음을 달래주는 가장 편한 우디 향기,"128,000원",4.9
Unisex,35,딥디크 오에도 오 드 뚜왈렛 50ml,딥티크,껍질이 두꺼운 두터운 자몽과 오렌지의 쌉싸름한 상큼함,"128,000원",4.8
Unisex,36,메종 마르지엘라 위스퍼 인 더 라이브러리,메종 마르지엘라,해리포터 도서관이 연상되는 웅장하고 부드러운 나무와 통카빈향기,"145,000원",4.7
Unisex,37,세르주루텐 로흐플린 오 드 퍼퓸,세르주루텐,도시의 잿빛을 닮은 숨결이 인센스처럼 퍼지는 오리엔탈 - 머스크 내음,"174,500원",5.0
Unisex,38,메종 마르지엘라 마차 메디테이션,메종 마르지엘라,"동양적인 무드의 말차라떼, 그 달콤함이 오렌지 플라워에 차분히 스미는 정갈함","80,900원",5.0
Unisex,39,르페르소나 LP02 피콕 페더 오 드 퍼퓸,르페르소나,"바닷가 선베드에 누워 만끽하는 여름휴가, 타오르는 햇빛 사이로 산뜻하게 퍼지는 라임과 코코넛","104,000원",5.0
Unisex,40,르페르소나 LP04 골든 젬 오 드 퍼퓸,르페르소나,"잊을 수 없는 무도회의 한 장면, 달콤한 바닐라와 무화과가 깊은 인상을 남기고 유유히 사라지는 순간의 향기","104,000원",4.0
Unisex,41,르페르소나 LP03 우든 페이스 오 드 퍼퓸,르페르소나,"거칠고 각진 나무토막의 표면을 매끄럽고 둥글게 조각하듯, 마음까지 감싸 안아주는 산뜻하고 편안한 나무냄새","104,000원",4.5
Unisex,42,톰포드 로스트 체리 오 드 퍼퓸,톰포드,"몸을 한껏 달아오르게 하는 통카빈과 대단히 뇌쇄적인 체리, 이 밤을 더욱 길고 짙게 만드는 유혹","365,000원",5.0
Unisex,43,프라고나르 에뚜알 30-200ml,프라고나르,"미세먼지 없이, 날씨까지 완벽한 주말처럼 상쾌한 달콤함이 가득한 풋사과 정원의 향기","71,500원",4.9
Unisex,44,세르주루텐 상탈 마제스퀼 오 드 퍼퓸,세르주루텐,샌달 우드의 숨겨진 마스터피스- 샌달 나무의 하얀 속살을 인센스 향기가 감싸안는 신비로움,"174,500원",5.0
Unisex,45,바이레도 벨벳 헤이즈 오 드 퍼퓸,바이레도,"조용한 벤치, 으깨지는 코코넛을 바라보는 순간 깊은 감회에 잠기게 만드는 향기","197,000원",5.0
Unisex,46,바이레도 일레븐스 아워 오 드 퍼퓸,,"바이레도 한정판, 신비한 향신료와 술의 달큰함이 끼쳐오는 이국적인 오리엔탈풍 향기","197,000원",0.0
Unisex,47,프로소디 런던 리솜 린든 오 드 퍼퓸 50ml,프로소디 런던,호수에 뛰어든 멜론의 달콤함이 연두빛 물안개를 피워내는 상큼함,"134,000원",5.0
Unisex,48,조말론 오렌지 블로썸 코롱,조말론,영국시골 오렌지 농장에서 이슬을 맞은채 굴러다니는 오렌지 껍질향기,"81,800원",4.8
Unisex,49,조말론 인센스 앤 세드라 코롱 인텐스,조말론,"삭막한 초원에 단비가 그치고 난 뒤, 슴슴하게 올라오는 마른 풀들과 나무들의 아로마틱한 산뜻함","158,000원",4.0
Unisex,50,톰포드 베네시안 베르가못 오 드 퍼퓸,톰포드,"고급스러운 스웨이드 질감의 앰버가 야경으로 깔린 밤, 지적인 가드니아와 베르가못이 연출하는 도시의 밤 향기","305,000원",0.0
Unisex,51,르라보 상탈 33 오 드 퍼퓸 50ml,르라보,짙은 고동나무와 푸릇한 파피루스가 울창하게 심어져 있는 오스트레일리아의 숲속,"220,000원",4.9
Unisex,52,르라보 어나더 13 오 드 퍼퓸 50ml,르라보,바닐라와 동물적인 암브레트 씨드에서 주는 우디한 살내음,"220,000원",5.0
Unisex,53,딥디크 오듀엘르 오 드 뚜왈렛 50/100ml,딥티크,따뜻한 햇살이 내려앉는 마당의 흙과 나무 그리고 바닐라가 어우러진 아늑한 향기,"128,000원",4.8
Unisex,54,딥디크 로드네롤리 오 드 뚜왈렛 100ml,딥티크,밝은 햇살을 머금은 비터 오렌지가 싱그럽게 흔들리는 네롤리의 푸른 잎사귀에 스며드는 순간,"175,000원",5.0
Unisex,55,불리 오 트리쁠 포레드 코미 75ml,불리 1803,"겨울 끝무렵, 한기가 닿은 쌉싸래한 풀내음이 가득 담긴 숲의 향기","170,000원",0.0
Unisex,56,프라고나르 플러도랑지,프라고나르,"오후 6시의 석양이 오렌지 꽃에 닿았을 때, 딱 그 온기만큼 편안하게 퍼지는 자연의 향기","71,500원",5.0
Unisex,57,아쿠아 디 파르마 아란치아 디 카프리 오 드 뚜왈렛,아쿠아 디 파르마,지중해 햇살에 산뜻함을 터트린 천혜향을 닮은 오렌지 비누향기,"58,000원",4.9
Unisex,58,아쿠아 디 파르마 피코 디 아말피 오 드 뚜왈렛,아쿠아 디 파르마,이탈리아 포지타노의 청량함이 연상되는 깨끗하고 청정한 무화과의 아삭함,"65,000원",4.9
Unisex,59,에르메스 운 자르뎅 수르뜨와 오 드 뚜왈렛,에르메스,"싱그러움과 거친 자연의 모습이 그대로 담긴, 에르메스 본사 꼭대기의 정원 향기","80,000원",4.8
Unisex,60,메모 케두 오드퍼퓸 75ml,메모,노곤하고 따뜻한 들깨가루 오일의 깊고 에센셜한 향기,"263,000원",5.0
Unisex,61,더 디퍼런트 컴퍼니 수블림 발키스 오 드 퍼퓸,더 디퍼런트 컴퍼니,비오는날 정원의 흙바닥에서 고고하게 있는 생장미와 블랙커런트의 향기,"168,000원",4.6
Unisex,62,메모 오리엔탈 레더 오 드 퍼퓸 75ml,메모,"라벤더 빛 물안개, 흔들리는 바람에 피어난 장미 뒤로 밤하늘을 가득 수놓는 파츌리의 수수한 내음","263,000원",5.0
Unisex,63,불리 오 트리쁠 베르켄 오렌지 블라썸 75ml,불리 1803,"갓 따낸 오렌지 나무 잎사귀에 레몬즙을 뿌린듯, 무더운 여름날 단비 같이 싱그런 오렌지 꽃망울","170,000원",0.0
Unisex,64,오리베 데저트랜드 오 드 퍼퓸 75ml,오리베,"소나무의 청량함이 건조하게 피어나는 곳, 사막. 그 담담함에 대한 향기","128,870원",0.0
Unisex,65,오리베 코트 다쥐르 오 드 퍼퓸 75ml,오리베,"청량한 레몬이 시클라멘 꽃 위에 누워 파도를 타듯, 일렁이는 햇살 속에 젖어드는 낭만의 향기","128,870원",4.5
Unisex,66,톰포드 블랙 오키드 오 드 퍼퓸 50ml,톰포드,"톰포드 베스트셀러, 럼에 담긴 플럼의 다크한 보랏빛이 연출하는 퇴폐적인 관능미","160,000원",4.9
Unisex,67,톰포드 로즈프릭 오 드 퍼퓸 50ml,톰포드,"장미의 이중성, 퇴폐미와 외로움을 그린 향기","305,000원",5.0
Unisex,68,불가리 오 파퓨메 오떼블랑 오드 코롱,불가리,"고요한 새벽안개 길의 끝에서 이슬과 함께 느껴질 법한 화이트 티의 정수, 깨끗함의 정점","119,000원",4.5
Unisex,69,에르메스 운 자르뎅 아프레 라 무쏭 오 드 뚜왈렛,에르메스,"갑자기 내린 여우비에, 촉촉한 꽃내음과 물내음 섞인 메론향기가 피어났던 한적한 프랑스 정원","145,000원",0.0
Unisex,70,프레데릭 말 제라늄 뿌르 무슈 50ml,프레데릭말,"비가 그친 제라늄 숲 속, 낮게 깔린 안개가 연출하는 신비로움","224,500원",5.0
Unisex,71,구찌 알케미스트 가든 문라이트 세레나데 오 드 퍼퓸 150ml,구찌,"시원한 라벤더 바람과 함께 내 귓등을 타고 흐르는 청량함, 세이지와 라벤더의 여름날 향기","289,000원",0.0
Unisex,72,펜할리곤스 베스트셀러 디스커버리 세트,펜할리곤스,펜할리곤스 베스트 & 스테디셀러 10종으로 구성된 디스커버리 패키지,"49,000원",5.0
Unisex,73,돌체앤가바나 라이트 블루 25/50/100ml,돌체앤가바나,"청량한 하늘같은 비누, 뽀송한 향기","52,000원",4.8
Unisex,74,오리베 프래그런스 디스커버리 세트,오리베,"청량하게 부서지는 넓은 확산력, 오리베를 경험하기 좋은 3종 디스커버리 세트","29,700원",5.0
Unisex,75,샤보 루비에르 드 베니스 오 드 퍼퓸 30ml,샤보,톤 다운된 메이크업이 잘 어울리는 시크하고 달콤한 우디향취,"117,500원",0.0
Unisex,76,샤보 빈티지 오 드 퍼퓸 30ml,샤보,"따뜻한 아메리카노와 바닐라 과자, 그리고 튜베로즈 식빵","117,500원",5.0
Unisex,77,샤보 레 에 쇼콜라 오 드 뚜왈렛 30ml,샤보,"이제껏 경험한적 없는 완벽한 달콤함, 초콜릿과 바닐라의 완벽한 하모니","101,300원",4.7
Unisex,78,샤보 레 꽁 상뜨레 오 드 뚜왈렛 30ml,샤보,"우유 향수, 완전 따뜻하고 달콤한 연유속에 캬라멜 한조각이 풍덩","101,300원",4.8
Unisex,79,구찌 알케미스트 가든 윈터스 스프링 오 드 퍼퓸 100ml,구찌,미모사와 아카시아 꽃을 가볍게 띄워놓은 미온수로 부드럽게 목욕한 후 살에 남은 잔향,"395,000원",0.0
Unisex,80,구찌 알케미스트 가든 어 윈터 멜로디 사이프러스 센티드 워터 150ml,구찌,"서늘한 겨울 공기가 하얀 입김으로 되돌아가는 풍경, 그곳을 에워싸는 눈 덮인 초겨울의 숲 향기","289,000원",5.0
Unisex,81,마크제이콥스 스플래쉬 레인 100ml,마크제이콥스,"소나기가 한차례 쏟아진 정원, 바닥에서부터 피어오르는 꽃들의 향기","62,500원",4.8
Unisex,82,클린 리저브 웜코튼 오 드 퍼퓸 100ml,클린 리저브,"기어들어가고 싶게 촉촉한, 빨래 향기가 그대로 밴 이불","101,150원",4.9
Unisex,83,아틀리에 코롱 클레망틴 캘리포니아 30ml,아틀리에 코롱,"소다 밀키스를 마시는 상큼함, 아틀리에의 베스트셀러","72,000원",4.8
Unisex,84,프라고나르 세드르 오 드 뚜왈렛 100ml,프라고나르,"낮엔 풀꽃들이 보이고, 저녁엔 얼음 결정이 보이는 시린 청량감","71,500원",4.8
Unisex,85,프로소디 런던 오션 커모션 오 드 코롱 30ml,프로소디 런던,"바다 한 가운데 누워, 등에서 느껴지는 시원함과 철썩대는 파도소리가 자장가처럼 편안해지는 순간","70,500원",4.8
Unisex,86,메종마르지엘라 언더 더 레몬트리,메종 마르지엘라,레몬향 진토닉으로 천천히 취해가는 것 같은 노곤한 향기,"80,900원",5.0
Unisex,87,에트로 머스크 오 드 퍼퓸 100ml,에트로,"어느 여름, 버베나 나무 아래에서 선선하게 불어오는 데일리 - 머스크 향기","165,000원",4.7
Unisex,88,에트로 라자스탄 오 드 퍼퓸 100ml,에트로,"자유를 찾아 유랑하는 집시,보헤미안 스타일의 묵직한 앰버와 미모사 그리고 머스크의 폭닥한 향기","135,200원",0.0
Unisex,89,에트로 우다이푸르 오 드 퍼퓸 100ml,에트로,"레몬을 적신 고운 점토 비누로 샤워를 마친 후, 수건을 덮은 부드러움","166,000원",5.0
Unisex,90,에트로 비아베리 오 드 뚜왈렛 100ml,에트로,"에트로 베스트셀러, 씻고 나온 라벤더 비누향이 설렘 가득히 사이프러스 숲을 감싸안는 순간","118,000원",4.8
Unisex,91,크리드 로얄워터 오 드 퍼퓸,크리드,"레몬과 바질의 깔끔함이 늘 잘 먹히는, 누구나 좋아할 법한 군더더기 없는 남성미","305,000원",4.9
Unisex,92,에르메스 오 도랑쥬 베르트 오 드 코롱,에르메스,"나른함 가득한 늦은 오후, 커튼 사이로 들어오는 햇살을 타고 흐르는 오렌지와 레몬의 상큼함","105,000원",0.0
Unisex,93,에르메스 오 드 시트론 느와 오 드 코롱,에르메스,"에르메스식 남성의 관능미, 아슬아슬한 경게 사이를 넘나드는 시트러스 - 스모키의 정석","105,000원",5.0
Unisex,94,몽클레르 뿌르 팜므 오 드 퍼퓸,몽클레르,"포근함이 느껴지는 함박눈 위로, 달콤한 바날리색 연유 라떼가 가볍게 녹아들며 남기는 자취","110,000원",5.0
Unisex,95,나소마토 실버 머스크 엑스트레 퍼퓸 30ml,나소마토,"하얀 눈의 결정체가 손바닥 위에서 녹는 듯, 극도로 투명한 목화꽃의 깨끗함","245,500원",0.0
Unisex,96,나소마토 바라온다 엑스트레 퍼퓸 30ml,나소마토,"달콤한 스카치 캔디를 문 채 한 모금 삼키는 위스키와 재즈의 선율의 어울린, 완벽한 무드","245,500원",0.0
Unisex,97,마스크 밀라노 테랄바 오 드 퍼퓸 35ml,마스크 밀라노,"지중해식 샐러드를 아삭- 베어물었을 때의 상큼함, 그 행복","187,500원",0.0
Unisex,98,마스크 밀라노 루씨 에 옴브레 오 드 퍼퓸 35ml,마스크 밀라노,"빛과 그림자가 만나는 순간, 그 중성적인 인센스 향기가 연출하는 분위기","187,500원",5.0
Unisex,99,바스틸 홀스 피스테 오 드 퍼퓸 50ml,바스틸,"파리의 빈티지 바, 모히또 한 잔과 비 내리는 거리가 연출하는 분위기","165,500원",0.0
Unisex,100,메종 마르지엘라 레플리카 위키드 러브 100ml,메종 마르지엘라,노르웨이 숲의 서늘한 정원에 흩어 피어 있는 알싸한 로즈와 그라스,"215,000원",5.0
Unisex,101,프라고나르 상탈 오 드 뚜왈렛 100/200ml,프라고나르,"상탈을 사포질해, 사랑과 정성이 담겨 비누처럼 편안해진 우디 향기","71,500원",4.9
Unisex,102,프라고나르 비가라드 재스민 오 드 퍼퓸 50ml,프라고나르,편안한 자연 그대로의 호불호 없는 자몽 향기,"84,000원",0.0
Unisex,103,클린 리저브 시트론 피그 오 드 퍼퓸 100ml,클린 리저브,레몬 무화과를 스쳐 산을 한 바퀴 쭉 돌고서 내게 도착한 향기,"101,150원",4.7
Unisex,104,클린 클래식 웜코튼 오 드 퍼퓸 30/60ml,클린 리저브,전방 100m 밖까지 닿는 새하안 비누 향기에 마음까지 산뜻해지는 깨끗한 향기,"38,000원",4.8
Unisex,105,트루사르디 - 르비드 밀라노 비하인드 커튼 스칼라 오 드 퍼퓸 100ml,트루사르디 르비드 밀라노,막내린 극장에서 연습하는 배우의 열정 가득한 클로브 레더,"238,000원",0.0
Unisex,106,트루사르디 - 르비드 밀라노 아이 비콜리 치아리 오 드 퍼퓸 100ml,트루사르디 르비드 밀라노,진과 바닐라를 묵직하게 우려내 파츌리 나무에 붓는 이색적인 향기,"238,000원",0.0
Unisex,107,트루사르디 - 르비드 밀라노 머스크 누아 퍼퓸 인핸서 오 드 퍼퓸 100ml,트루사르디 르비드 밀라노,살결같은 부드러움으로 각 향을 포근하게 감싸주는 레이어링 향수,"238,000원",4.0
Unisex,108,퍼퓸 드 말리 오아잔 125ml,퍼퓸 드 말리,"순도 높은 시나몬의 정수, 부드럽게 녹아들어가는 성숙한 달콤함","385,000원",5.0
Unisex,109,이센트릭 몰리큘스 이센트릭 01,이센트릭 몰리큘스,Iso E Super가 사람살결에서 나는 고유의 고소함을 극대화 시킨 체취의 향기,"135,000원",4.2
Unisex,110,엘리자베스 앤 제임스 너바나 로즈 오 드 퍼퓸 30/100ml,엘리자베스 앤 제임스,말린 로즈잎과 제라늄의 까칠함이 어울린 모던섹시,"57,000원",5.0
Unisex,111,엘리자베스 앤 제임스 너바나 버번 오 드 퍼퓸 30/50ml,엘리자베스 앤 제임스,달콤한 바닐라버번에 훈제된 오크우드의 깊고 담백한 향기,"63,000원",4.8
Unisex,112,에르메스 H24 오 드 뚜왈렛 50/100ml,에르메스,"에르메스 남자향수의 새로운 역사, 5월의 산뜻함이 잔뜩 배인 비누계열 스클라렌 향기","85,000원",4.9
Unisex,113,아이젠버그 오프레쉬 옴므 30/50/100ml,아이젠버그,"자신만의 생활 루틴을 가진 부지런한 남자, 그 아침을 상쾌하게 여는 라벤더-베티버 향기","65,200원",4.7
Unisex,114,아틀리에 코롱 포멜로 파라디 30ml,아틀리에 코롱,생 자몽 하나를 그대로 갈아낸 듯한 싱싱함,"72,000원",4.7
Unisex,115,세르주루텐 엉 브와 바닐 오 드 퍼퓸,세르주루텐,"빈티지 카페 안, 달콤한 바닐라 라떼 향기가 밴 가구들에서 번지는 안락한 포근함","174,500원",5.0
Unisex,116,세르주루텐 다튜라느와 오 드 퍼퓸,세르주루텐,"깊은 상처까지 감싸 안아줄 것 같은, 헬리오트로프와 튜베로즈의 안락한 편안함","174,500원",5.0
Unisex,117,세르주루텐 앰버 술탄 오 드 퍼퓸,세르주루텐,"인센스 향초가 가득한 페르시아 상점 속, 주황빛 앰버 보석이 홀로 빛나는 신비스러운 향기","174,500원",5.0
Unisex,118,사랑해요 #60 소울 오브 더 포레스트 오 드 퍼퓸 100ml,사랑해요,"녹음이 짇은 새벽의 숲, 샌달우드와 유칼립투스가 전하는 몽환미","123,000원",4.8
Unisex,119,사랑해요 #69 로드 트립 오 드 퍼퓸 100ml,사랑해요,"여행지에서 함께 만든 달달한 추억을 닮은, 바닐라 - 우디 향기","123,000원",0.0
Unisex,120,사랑해요 #51 드라이브 투 선버스트 오 드 퍼퓸 100ml,사랑해요,"잠깐의 안식, 그 평화로움을 만끽하는 선물같은 네롤리 향기","123,000원",5.0
Unisex,121,사랑해요 #10 바닐라 블룸 오 드 퍼퓸 100ml,사랑해요,르꼬르동 블루에서 디저트를 가장 잘 다루는 장인의 자신있는 바닐라 디저트 향기,"123,000원",5.0
Unisex,122,사랑해요 #30 브리즈 오브 샤인 오 드 퍼퓸 100ml,사랑해요,"꿈을 결심한 순간, 그 소중한 찰나의 달콤함을 담은 밀키스-코코넛 내음","123,000원",5.0
Unisex,123,분더샵 플뤼에블랑쉬 오 드 퍼퓸 50ml,분더샵,블랙베리 가득한 물안개 숲속을 석양이 천천히 밀어내는 듯한 몽환적인 향기,"103,500원",4.8
Unisex,124,분더샵 텔 노 원 오 드 퍼퓸 50ml,분더샵,"기름먹인 오렌지꽃, 뮤게로 펜 잉크를 만들어 종이에 사각 사각 써내려가는 예술가적 향기","103,500원",4.8
Unisex,125,불리 오 트리쁠 알 카시르 75ml,불리 1803,"살짝 힘을 뺀 바닐라와 고소한 샌달우드, 느슨한 듯 여유로운 우디 내음","170,000원",0.0
Unisex,126,르라보 로즈 31 오 드 퍼퓸 50/100ml,르라보,마른 장미잎과 오우드가 어우러진 중성적인 향수,"210,000원",4.9
Unisex,127,로이비 로터스 앤 인센스 오 드 퍼퓸 50ml,로이비,"로이비의 중성 향수 베스트셀러, 푸르스름한 안개비를 들이마신 연꽃의 향기","98,100원",5.0
Unisex,128,로이비 만다린 앤 샌달우드 오 드 퍼퓸 50ml,로이비,"마음 한 켠에 쌓아둔 유년시절, 그 시기를 닮은 민트 잎의 옅은 풀물과 자몽의 쌉싸름함","98,100원",5.0
Unisex,129,로이비 휘그 앤 시더우드 오 드 퍼퓸 50ml,로이비,"진중한 숲의 향기를 머금은 무화과, 그 하얀 달콤함이 경쾌하게 피어나는 포레스트","98,100원",4.7
Unisex,130,로이비 샤프론 앤 오렌지 블로썸 오 드 퍼퓸 50ml,로이비,"버건디빛 샤프란과 오렌지 블로썸이 써내려가는 가을무드, 달콤하게 무르익은 오리엔탈 플로럴","98,100원",5.0
Unisex,131,프라다 레스 인퓨전 디 아이리스 세더 오 드 퍼퓸 100ml,프라다,도브비누 10개를 응축시켜 흩뿌린 듯한 편안하고 고급스러운 프라다 남자향수,"184,000원",4.8
Unisex,132,프라다 레스 인퓨전 디 아이리스 오 드 퍼퓸 50/100ml,프라다,"갓 빨래한 하얀 침구류의 감촉처럼, 부드럽고 은은한 비누 향기","135,000원",4.5
Unisex,133,프라다 레스 인퓨전 디 만다린 오 드 퍼퓸 100ml,프라다,동화 속 노을 진 석양처럼 잔잔한 오렌지 비누 향기,"184,000원",5.0
Unisex,134,누NOU 베르가못 오 드 퍼퓸 50ml,누NOU,쌉싸름하도록 상쾌한 - 순도 높은 베르가못의 허벌한 향기,"42,000원",0.0
Unisex,135,프로소디 런던 우드 옥타브 오 드 퍼퓸 50ml,프로소디 런던,"파피루스 나무 사이를 헤쳐 나갈 때, 옷깃에 배인 나무 내음이 문득 편안해지던 순간","134,000원",0.0
Unisex,136,프로소디 런던 로즈 론듀 오 드 퍼퓸 50ml,프로소디 런던,버건디 로즈 그리고 블랙커런트와 제라늄의 쌉싸름한 달콤함을 씹어낸 신선한 아성,"134,000원",5.0
Unisex,137,프로소디 런던 랜턴 리드 오 드 퍼퓸 50ml,프로소디 런던,손 안의 작은 랜턴 불의 열기가 베티버 기둥에 닿아 따스한 온기를 느끼게 하는 자연의 향기,"134,000원",5.0
Unisex,138,프로소디 런던 네롤리 누앙스 오 드 퍼퓸 50ml,프로소디 런던,"오렌지 나무 아래의 빛바랜 노트, 다져진 흙 위에 누워 취하는 온전한 휴식","134,000원",5.0
Unisex,139,프로소디 런던 비밥 얼루어 오 드 코롱 30ml,프로소디 런던,네롤리와 허브가 만들어낸 자연 100% 깔끔한 가루세제 향기,"70,500원",5.0
Unisex,140,프로소디 런던 트레비 로즈 오 드 코롱 30ml,프로소디 런던,라즈베리 과즙을 먹고 자라나 더욱 붉어진 장미가 연출하는 고혹스러운 향기,"70,500원",5.0
Unisex,141,프로소디 런던 페이퍼 플라워 팬 오 드 코롱 30ml,프로소디 런던,"프로소디의 베스트셀러, 프리지아 꽃 한 송이가 주는 잔잔한 싱그러움","70,500원",5.0
Unisex,142,프로소디 런던 에이 카펠리 레이 오 드 코롱 30ml,프로소디 런던,얇은 입자로 흩어지는 레몬필이 만들어내는 편안한 상큼함,"70,500원",0.0
Unisex,143,프로소디 런던 베리 블릿츠 오 드 코롱 30ml,프로소디 런던,"갓 딴 베리와 오렌지 마멀레이드, 모두를 식탁으로 불러모으는 신선한 상큼함","70,500원",5.0
Unisex,144,프로소디 런던 피치카토 블리스 오 드 코롱 30ml,프로소디 런던,"넓은 초원을 맨발로 내달리는 용기, 풀의 시원한 쌉싸름함에 다시금 힘을 얻게 되는 순간","70,500원",0.0
Unisex,145,불리 오 트리쁠 승리의 여신 니케 75ml,불리 1803,"공중의 바람을 타고 불어온 튜베로즈, 목련 그리고 장미의 촉촉 하늘하늘한 향기","190,000원",5.0
Unisex,146,SWG컬렉션 오드더티 50ml,SWG Collection,"푸릇한 소나무와 파츌리가 가볍고 또 시원하게, 여름에도 뿌리기 좋은 청량함","88,200원",4.0
Unisex,147,SWG컬렉션 파인보일 50ml,SWG Collection,"일렁이는 바다 위로 드리워진 파란 소나무와 만다린의 산뜻함, 휴양지의 향기","88,200원",3.0
Unisex,148,SWG컬렉션 베티버느와 50ml,SWG Collection,"뉴욕 센트럴의 자유와 방황을 닮은 페퍼와 토바코, 미니멀과 모던 사이를 아우르는 세련된 중성미","88,200원",0.0
Unisex,149,SWG컬렉션 팜스웨이드 50ml,SWG Collection,처음부터 끝까지 포근한 스웨이드 질감을 유지하는 샌달우드와 레몬. 데일리로 쓰기 좋은 비누 내음,"88,200원",4.5
Unisex,150,바이레도 1996 오 드 퍼퓸,바이레도,"인센스 연기가 자욱한 작업실 안, 바이올렛의 나른함을 풍기는 신비로운 예술가의 분위기를 담아낸 향기","193,500원",5.0
Unisex,151,메종 프란시스 커정 아쿠아 셀레스티아 오 드 뚜왈렛 70ml,메종프란시스 커정,"빙하얼음을 분쇄한 듯, 청량함을 담아 지적이고 깨끗한 향기","224,000원",4.7
Unisex,152,메종 프란시스 커정 아쿠아 비떼 오 드 뚜왈렛 70ml,메종프란시스 커정,"과이악 우드의 잎사귀가 가을 낙엽으로 레몬색을 띄는 계절, 만다린 조각이 스파클링하게 통카빈을 두드리는 시간","224,000원",5.0
Unisex,153,딥디크 롬브로단로 오 드 뚜왈렛,딥티크,이슬을 머금은 블랙커런트와 장미잎의 쌉싸름하고 신기한 향기,"128,000원",4.9
Unisex,154,스테파니 브루진 파리몽타뉴 오 드 퍼퓸 100ml,스테파니 브루진,"입가에 고인 보랏빛 와인이, 지그시 감겨진 눈꺼풀이 따라올 수 없게 만드는 독보적인 분위기","225,000원",5.0
Unisex,155,스테파니 브루진 캐시미어 오 드 퍼퓸 100ml,스테파니 브루진,"화양연화 속 낡은 다락방, 우디 머스크의 붉은 톤이 따스하게 머무는 자리의 향기","225,000원",0.0
Unisex,156,스테파니 브루진 델리스 오 드 퍼퓸 100ml,스테파니 브루진,"파리의 돌담길, 시나몬과 바닐라빈의 따스함이 천천히 자리를 데우는 향기","225,000원",0.0
Unisex,157,세르주루텐 보르네오 1834 오 드 퍼퓸,세르주루텐,"애니멀릭한 고전, 최초의 파츌리를 묘사한 이국적인 다크함","395,000원",5.0
Unisex,158,조말론 로즈 앤 매그놀리아 코롱 50ml,조말론,"파리의 센 강에서 마주한 장미와 파츌리, 우디 톤의 장미만이 낼 수 있는 깊고 짙은 분위기","120,000원",5.0
Unisex,159,조말론 잉글리쉬 오크 앤 헤이즐넛 코롱,조말론,"삼림 속 세차게 내린 비는 헤이즐넛과 삼나무의 밑바탕이 되어, 신선한 피톤치드를 더욱 힘있게 뿜어내는 향기","87,800원",5.0
Unisex,160,바이레도 블랑쉬 오 드 퍼퓸 50/100ml,바이레도,"바이레도 대표작, 기분까지 상큼해지는 산뜻한 비누","205,000원",4.8
Unisex,161,조말론 얼그레이 앤 큐컴버 코롱,조말론,고소한 얼그레이의 증기사이로 경쾌한 스파클링함이 퍼지는 향기,"81,800원",4.8
Unisex,162,메종마르지엘라 레이지선데이 모닝 100ml,메종 마르지엘라,"편안한 침대에 누웠을 때, 이불 속으로 온 몸이 녹아들듯 느껴지는 편안함","145,000원",4.8
Unisex,163,딥디크 오데썽 오 드 뚜왈렛,딥티크,"오렌지, 허브가 연출하는 자연 섬유유연제 향기","128,000원",4.9
Unisex,164,딥디크 오르페옹 오 드 퍼퓸 75ml,딥티크,"빳빳한 와이셔츠 위로 알싸한 주니퍼베리 안개가 스민, 시크한 긴장감의 런더리 향수","225,000원",4.9
Unisex,165,딥디크 제라늄 오도라타 오 드 뚜왈렛 100ml,딥티크,"촉촉히 젖은 토지에서 올라오는 흙내음 사이, 초원의 그늘진 풀 속을 헤집고 피어난 제라늄 향기","175,000원",5.0
Unisex,166,딥디크 필로시코스 오 드 뚜왈렛,딥티크,날이 풀리면 가장 많이 팔리는 딥디크 베스트셀러 중 하나,"128,000원",4.8
Unisex,167,딥디크 베티베리오 오 드 뚜왈렛,딥티크,가을 겉옷처럼 캐쥬얼하고 편안한 베티버향기,"128,000원",4.8
Unisex,168,딥디크 플레르 드 뽀 오 드 퍼퓸 75ml,딥티크,부드러운 옷 소매를 걷으면 손목에서 날법한 따뜻하고 포근한 체취의 향기,"225,000원",4.8
Unisex,169,프레데릭 말 프렌치 러버 50ml,프레데릭말,"단정하고도 세심한 감수성, 비에 젖은 소나무와 낙엽을 보며 한 편의 시를 읊어내는 감성","198,000원",5.0
Unisex,170,프라고나르 패츌리 오 드 뚜왈렛 100/200ml,프라고나르,"파츌리와 통카빈을 아로마오일로 내어 천천히 데울 때, 방안을 따스하게 감싸안는 편안함","71,500원",5.0
Unisex,171,톰포드 그레이 베티버 오 드 퍼퓸 50ml,톰포드,"나무비누 질감으로, 베티버 입문자부터 스타일리쉬한 남자친구까지 연출 가능한 베티버 향기","140,000원",5.0
Unisex,172,세르주루텐 로 오 드 퍼퓸 50ml,세르주루텐,"세르주루텐 베스트셀러, 물기 가득한 와이셔츠 같은 깨끗한 비누내음","127,800원",4.8
Unisex,173,세르주루텐 밥뗌므 뒤 퍼 오 드 퍼퓸,세르주루텐,"실탄 화약 냄새, 진저, 계피가 얽혀 환호성 가득한 축제의 분위기","174,500원",5.0
Unisex,174,세르주루텐 플뢰르 드 시트로니에 오 드 퍼퓸 100ml,세르주루텐,"선선한 여름날, 오렌지 나뭇가지에 사랑하는 마음을 걸어 너에게 건넸던 추억","164,000원",5.0
Unisex,175,세르주루텐 로 다므르와즈 오 드 퍼퓸 100ml,세르주루텐,"깊은 소나무 숲 속에 홀로 들어가 깊이 숨을 쉴 때, 마음을 다 잡게 만들었던 개운함","164,000원",5.0
Unisex,176,메종 프란시스 커정 바카라 루쥬 540 오 드 퍼퓸 70ml,메종프란시스 커정,"고혹미 향수, 졸여낸 구어망드 달콤함과 세련된 우디플로럴의 고급스러운 조화","275,000원",4.9
Unisex,177,로에베 001 맨 오 드 뚜왈렛 50ml,로에베,"서정적이고 부드러운 우디 향기의 정석, 데일리로 편하게 쓰기 좋은 남녀공용 우디 향수","90,000원",4.9
Unisex,178,바이레도 모하비고스트 오 드 퍼퓸 50/100ml,바이레도,"연보랏빛 물안개 속, 상큼달콤한 과일비누","198,500원",4.7
Unisex,179,불리 오 트리쁠 공원에서의 대화 75ml,불리 1803,"공원에서 마주한 가장 순수한 싱그러움, 가장 일상적이고 산뜻한 자연 그대로의 향기","190,000원",5.0
Unisex,180,톰포드 솔레이네쥬 오 드 퍼퓸,톰포드,"하얀 눈에 반사되는 빛처럼 밝게 연출되는 머스크, 살갗에 닿자마자 녹아내리는 바닐라의 부드러운 달콤함","300,000원",5.0
Unisex,181,딥디크 필로시코스 오 드 퍼퓸 75ml,딥티크,"무화과와 잎사귀를 한 움큼, 가장 자연적이고 따스한 무화과","196,500원",4.8
Unisex,182,킬리안 로즈 온 아이스 오 드 퍼퓸 50ml,킬리안,"상큼한 진토닉으로 씻어내는 하루의 고단함, 코 끝에 머무는 진과 물에 젖은 장미 향기","270,000원",0.0
Unisex,183,산타마리아노벨라 멜로 그라노 오 드 코롱,산타마리아노벨라,"하얀 비누 거품을 가득 머금은 일랑일랑 꽃이 오크모스, 장미, 파츌리를 천천히 삼켜내는 포근함","103,500원",4.8
Unisex,184,바이레도 집시워터 오 드 퍼퓸 50/100ml,바이레도,교향곡 처럼 조화롭고 은은한 우디와 바닐라,"198,500원",4.6
Unisex,185,불리 오 트리쁠 목욕하는 여인 75ml,불리 1803,"어쩌면 순연에 가장 가까울, 샤워 후의 수증기가 살갗에 흡수된 극강의 부드러움과 순수함","225,000원",4.9
Unisex,186,톰포드 패뷸러스 오 드 퍼퓸 50ml,톰포드,"이성이 아닌 본성을 자극하는, 퇴폐미 가득한 섹시함","365,000원",4.9
Unisex,187,조말론 머르 앤 통카 코롱 인텐스,조말론,"그 남자의 사랑법, 통카빈을 감싸 안은 따뜻한 머르 나무에서 느껴지는 자상함","235,000원",5.0
Unisex,188,메모 프렌치 레더 오드퍼퓸 75ml,메모,프랑스 센느강 다리위에 놓여진 스웨이드 핸드백속에서 나는 장미향기,"263,000원",5.0
Unisex,189,딥디크 트레블퍼퓸 오 드 뚜왈렛 12ml,딥티크,"직접 커스터마이징하는 나만의 딥디크, 반영구적 사용으로 지속가능성까지 고려한 트레블 스프레이","130,500원",5.0
Unisex,190,톰포드 비터 피치 오 드 퍼퓸 50ml,톰포드,"보일 듯 말듯, 파츌리에 가려진 복숭아의 농익은 달콤함이 더욱 은밀하게 느껴지는 순간","288,000원",4.9
Unisex,191,프레데릭 말 포트레이트 오브 어 레이디 50ml,프레데릭말,"비에 젖은 라즈베리와 짙은 색의 장미가 쌉싸름하고 우디한 파츌리와 어울린, 고혹적 분위기","277,800원",5.0
Unisex,192,딥디크 탐다오 오 드 퍼퓸 75ml,딥티크,자상하고 따뜻한 나무 향기의 정석,"194,800원",4.9
Unisex,193,바이레도 발다프리크 오 드 퍼퓸 50/100ml,바이레도,"늦가을, 커피잔 같은 따뜻한 달콤함","205,000원",4.6
Unisex,194,아쿠아 디 파르마 바닐라 오 드 퍼퓸 100ml,아쿠아 디 파르마,"오후 2시의 바닐라빛 햇살, 헬리오트로프를 베고 노곤히 쏟아지는 잠을 청하는 편안한 향기","185,000원",0.0
Unisex,195,세르주루텐 디 프로펑디 오 드 퍼퓸,세르주루텐,"탄생과 죽음, 그리너리한 블루벨과 국화꽃의 대비가 대자연의 이치에 고개를 끄덕이게 만드는 향기","395,000원",5.0
Unisex,196,에르메스 운 자르뎅 메디테라네 오 드 뚜왈렛,에르메스,"분수대 앞 공원 벤치에 걸터앉아 느껴보는, 햇살처럼 번지는 오렌지와 무화과 나무에서 퍼지는 달콤한 향기","145,000원",0.0
Unisex,197,메종마르지엘라 세일링데이,메종 마르지엘라,"선선한 바닷 바람이 뺨을 스칠 때, 요트 위에서 가볍게 숨을 고르는 듯한 상쾌한 향기","80,900원",4.8
Unisex,198,아이젠버그 땅따이숑 오 드 퍼퓸,아이젠버그,"쌀쌀한 날씨에 더욱 손이 가는, 달콤한 통카빈과 핑크페퍼의 균형 잡힌 포근함","47,400원",4.0
Unisex,199,아이젠버그 루즈 앤 느와르 오 드 퍼퓸,아이젠버그,새빨간 립스틱의 관능미와 느와르 식의 흑백이 자아내는 관능미,"47,400원",5.0
Unisex,200,딥디크 로데헤스페리데스 오 드 뚜왈렛 100ml,딥티크,"옅은 바람을 등지고 맡아지는 비터오렌지, 민트, 로즈마리의 프레시함이 마음을 톡톡 건드는 상쾌함","175,000원",5.0
Unisex,201,불리 오 트리쁠 그랑드 오달리스크 75ml,불리 1803,"남자의 체취가 가을 낙엽에 닿아 흐려진 듯, 스파이시한 인센스가 연출하는 시크한 관능미","185,000원",0.0
Unisex,202,크리드 어벤투스 포허 30/75ml,크리드,시크함과 귀여운 관능미를 동시에 갖고 있는 스모키한 애플로즈,"230,000원",4.5
Unisex,203,메모 오션 레더 오 드 퍼퓸 75ml,메모,"시원한 바닷바람을 타고 부서지는 시트러스와 얇은 종이를 바닷물에 풀어헤친듯, 가볍게 올라오는 우디","263,000원",0.0
Unisex,204,메종마르지엘라 바이 더 파이어플레이스 100ml,메종 마르지엘라,"스위스 나무 별장, 모닥불 피워 놓은 자리에서 한 입 떠 먹는 바닐라 한 스푼","145,000원",4.8
Unisex,205,바이레도 슬로우 댄스 오 드 퍼퓸 100ml,바이레도,"달콤한 바닐라 코냑에 취해갈 때, 현실은 흐려지고 사랑은 더욱 짙어지는 로맨틱한 공간의 향기","255,750원",5.0
Unisex,206,불리 오 트리플 리켄 데코스 75ml,불리 1803,"비에 젖은 이끼 사이를 운행하는 상쾌한 바람, 그 깨끗한 자연의 향기","170,000원",4.9
Unisex,207,크리드 오리지널 베티버 50ml,크리드,"호불호 없는 베티버, 맡기만 해도 마음이 평온해지는 산뜻한 녹색 비누 향기","310,000원",4.9
Unisex,208,프레데릭 말 뮤스크 라바줴 50ml,프레데릭말,"거부할 수 없는 섹시함, 단 한사람을 위한 머스크 향기","213,000원",4.9
Unisex,209,프레데릭 말 로디베 50ml,프레데릭말,"보라빛 꽃 위를 살랑이는 흰 나비처럼, 헬리오트로프와 머스크가 연출하는 연약한 포근함","205,000원",0.0
Unisex,210,르라보 떼누아 29 오 드 퍼퓸 50ml,르라보,스모키한 솔나무와 쥬니퍼 베리가 어울린 블랙티의 깔끔한 리프레쉬 향기,"220,000원",4.9
Unisex,211,크리드 버진 아일랜드 워터 50ml,크리드,"밀키스에 코코넛을 풍덩, 바닷가 썬베드에서 쉬는 듯 기분 좋은 향기","275,000원",4.7
Unisex,212,티에리 뮈글러 엔젤 오 드 퍼퓸 50ml,티에리 뮈글러,"유혹의 정석, 대담하게 유혹하는 달콤 아찔 플럼-바닐라","87,000원",4.8
Unisex,213,엘리자베스 앤 제임스 너바나 블랙 오 드 퍼퓸 30/50ml,엘리자베스 앤 제임스,바닐라향 커피빈을 그윽하게 갈아낸 것 같은 모던한 향기,"50,500원",4.6
Unisex,214,엘리자베스 앤 제임스 너바나 프렌치 그레이 오 드 퍼퓸 30/50ml,엘리자베스 앤 제임스,비맞은 라벤더 향이 나는 것 같은 시크한 표정의 뉴요커,"45,000원",4.0
Unisex,215,엘리자베스 앤 제임스 너바나 아메시스트 오 드 퍼퓸 30/50ml,엘리자베스 앤 제임스,한겨울 따뜻한 카페문을 열었을때 확 퍼지는 공기에서 날 법한 여유로운 달콤함,"50,500원",4.3
Unisex,216,에르메스 운 자르뎅 수르 라 라군 오 드 뚜왈렛 30/50ml,에르메스,따뜻한 돌담길 너머에 아늑하게 핀 백합과 나무 그리고 정원,"70,000원",4.9
Unisex,217,아쿠아 디 파르마 유자 오 드 퍼퓸 100ml,,유자의 상큼함이 주변 꽃들에 맺힌 이슬까지 가볍게 흔들 때 코 끝에 감도는 수분감있는 향기,"198,000원",5.0
Unisex,218,아쿠아 디 파르마 시프레소 디 토스카나 150ml,,"이태리의 작은 숲, 신선한 사이프레스와 갈바넘이 연출하는 자연 치유적 향기","122,000원",3.0
Unisex,219,아이젠버그 러브어페어 옴므 30/50/100ml,아이젠버그,"비누거품처럼 노곤한 눈빛을 지닌, 훈훈하고 자상한 남자다움의 정석","65,200원",4.8
Unisex,220,세르주루텐 끌레 드 머스크 오 드 퍼퓸,세르주루텐,하얀 터키쉬 앙고라 고양이가 가지런히 앞발을 모으고 있는 듯한 아이리스 - 머스크 향기,"253,500원",4.9
Unisex,221,세르주루텐 덩드레 오 드 퍼퓸 50ml,세르주루텐,"아기 뱀파이어가 웃을 때 보이는 작은 덧니처럼, 투명한 흰색에서 느껴지는 극도의 연약함","174,500원",0.0
Unisex,222,세르주루텐 로 프로이드 오 드 퍼퓸,세르주루텐,"전나무에서 흐르는 깨끗하고 맑은 수액, 상처를 대면 눈 녹듯 나을 것 같은 치유의 물","164,000원",4.9
Unisex,223,세르주루텐 로 드 빠이으 오 드 퍼퓸,세르주루텐,"거리에 깔린 바싹 마른 낙엽, 그리고 홍차가 연출하는 건조한 가을날의 분위기","164,000원",5.0
Unisex,224,세르주루텐 쉔느 (쉔) 오 드 퍼퓸 100ml,세르주루텐,4B 연필로 사각사각 채운 편지 위로 쏟아진 럼이 흑연과 섞여 내는 청량한 묵직함,"395,000원",5.0
Unisex,225,세르주루텐 데 끌루 뿌르 윈느 뻬리르 오 드 퍼퓸 100ml,세르주루텐,"에메랄드 해안가 아래, 스파클링하게 터지는 레모네이드 한 모금과 휴식","164,000원",5.0
Unisex,226,분더샵 버베니트 오 드 퍼퓸 50ml,분더샵,자몽이 가득한 베를린 숲을 맨발로 천천히 거니는 듯한 흙길의 향기,"112,800원",4.9
Unisex,227,분더샵 비커즈 에브리띵 오 드 퍼퓸 50ml,분더샵,"지중해 근처의 청정 숲에서 딴 오렌지, 오염되지 않은 자연 날것의 상큼함","82,800원",5.0
Unisex,228,메종 마르지엘라 레플리카 소울 오브 더 포레스트 100ml,메종 마르지엘라,물안개가 가득한 피톤치드 숲속을 걸으며 씹어보는 블랙커런트의 선선한 향기,"175,000원",5.0
Unisex,229,메종 마르지엘라 레플리카 댄싱 온 더 문 100ml,메종 마르지엘라,밤하늘의 달빛아래 춤추는 선녀의 옷자락 같은 화이트플로럴 향기,"215,000원",4.6
Unisex,230,메종 마르지엘라 레플리카 어크로스 샌드 100ml,메종 마르지엘라,한약방의 감초가 생각나는 마른사막 위에 펼쳐진 오리엔탈 서커스,"215,000원",0.0
Unisex,231,르라보 베르가못 22 오 드 퍼퓸 100ml,르라보,유기농 베르가못을 서걱서걱 썰어낼 때 느껴지는 기분 좋은 신선함,"325,000원",5.0
Unisex,232,르라보 베르가못 22 오 드 퍼퓸 50ml,르라보,햇빛에 잘 익은 유기농 베르가못을 서걱서걱 썰어서 곧바로 씹는듯한 향기,"220,000원",4.8
Unisex,233,록시땅 버베나 오 드 뚜왈렛 100ml,록시땅,전두엽을 강타하는 레몬과 버베나의 상쾌함,"56,800원",4.6
Unisex,234,록시땅 시트러스 버베나 오 드 뚜왈렛 100ml,록시땅,"편안한 쉼, 위로, 배려가 되는 은은한 시트러스 버베나 향기","55,800원",4.7
Unisex,235,겔랑 아쿠아 알레고리아 베르가못 칼라브리아 오 드 뚜왈렛 125ml,겔랑,따뜻하게 달궈진 담벼락에 넝쿨진 베르가못의 아삭한 향기,"88,000원",4.9
Unisex,236,구찌 블룸 아쿠아 디 피오리 오 드 뚜왈렛 50ml,구찌,"푸릇한 정원이 주는 상큼함, 구찌 블룸의 신상","104,800원",4.8
Unisex,237,불리 오 트리쁠 목수 성 요셉 75ml,불리 1803,일렁이는 바닐라와 히노끼의 편백향이 나무기둥 사이로 천천히 스며드는 소프트-우디 향,"185,000원",5.0
Unisex,238,바이레도 선데이즈드 오 드 퍼퓸 50/100ml,바이레도,설탕을 버무린 오렌지맛 코튼캔디가 석양에 스르르 녹는향기,"191,750원",4.6
Unisex,239,바이레도 로즈 오브 노 맨즈 랜드 오 드 퍼퓸 50ml,바이레도,"바이레도가 그린 선명한 로즈, 라즈베리 이슬이 차가운 장미를 녹이며 깨어나는 싱그런 향기","198,500원",5.0
Unisex,240,메종 마르지엘라 레플리카 플라잉 100ml,메종 마르지엘라,네롤리와 오렌지로 석양을 만든 잔잔한 비누향기,"175,000원",4.6
Unisex,241,메종 마르지엘라 뮤직 페스티벌 100ml,메종 마르지엘라,"우드 소극장, 희뿌연 먼지 사이를 뚫고 강렬하게 퍼지는 가죽끈의 열정적인 바이브","145,000원",4.9
Men,0,조말론 포피 앤 바알리 코롱,조말론,"보리수의 달콤함 위로 블랙커런트 이슬이 스며드는 양귀비, 한 폭의 낭만을 완성짓는 향기","83,800원",4.9
Men,1,몽클레르 뿌르 옴므 오 드 퍼퓸,몽클레르,"사이프러스의 시원한 상록수잎과 시더우드가 만나 퍼지는, 겨울 한기를 품은 자연의 향기","110,000원",0.0
Men,2,아쿠아 디 파르마 미르토 디 파나레아 오 드 뚜왈렛,아쿠아 디 파르마,"청량한 비누향수의 대명사, 아쿠아 디 파르마 베스트셀러","73,000원",4.8
Men,3,메종 마르지엘라 커피 브레이크,메종 마르지엘라,"에스프레소 위로 하얀 선을 그리는 우유처럼, 한껏 편안하고 단정한 무드의 자상한 커피 향기","80,900원",5.0
Men,4,딥디크 오카피탈 오 드 퍼퓸 75ml,딥티크,"가시돋힌 장미의 줄기를 타고 흘러내리는 파츌리, 장미의 이면을 드러낸 독보적인 분위기의 향","191,800원",5.0
Men,5,키에린 뉴욕 로즈 잉크 오 드 퍼퓸 스프레이,키에린 뉴욕,"시더우드와 샤프란 사이, 흩날리는 장미 꽃잎의 생경함","54,000원",0.0
Men,6,키에린 뉴욕 샹탈 스카이 오 드 퍼퓸 스프레이,키에린 뉴욕,"샌달우드와 베티버가 선사하는, 자유로운 뉴요커의 하루 한 조각","54,000원",0.0
Men,7,키에린 뉴욕 니트로 느와 오 드 퍼퓸 스프레이,키에린 뉴욕,"시프레와 구르몽이 초대하는, 향긋함이 감도는 뉴욕 도심의 풍경","145,000원",0.0
Men,8,키에린 뉴욕 10am 플러트 오 드 퍼퓸 스프레이,키에린 뉴욕,"캐시미어 우드와 샌달우드가 전하는, 조화롭고 풍부한 뉴욕 도심 속 자연의 향취","145,000원",0.0
Men,9,크리드 어벤투스 오 드 퍼퓸,크리드,"남자다움의 끝, 전세계적인 베스트셀러","330,000원",4.8
Men,10,조말론 블랙베리 앤 베이 코롱,조말론,유기농으로 키운 블랙베리의 건강한 맛을 그대로 재현한 베스트셀러,"83,800원",4.8
Men,11,조말론 154 코롱,조말론,"여유가 흐르는 런던의 베티버 나무, 만다린과 자몽의 산뜻함이 저절로 호감가게 만드는 남성의 정석","87,800원",5.0
Men,12,조말론 다크 앰버 앤 진저 릴리 코롱 인텐스,조말론,"성별 무관, 시간을 느리게 흐르게 만드는 몽환적인 달콤함","185,000원",4.7
Men,13,에르메스 보야지 데르메스 오 드 뚜왈렛,에르메스,"레몬과 홍차가 섞여 가을 낙엽이 떨어지는 듯, 우수에 젖은 분위기가 멋지게 연출된 가을 향기","145,000원",4.8
Men,14,구찌 길티 뿌르옴므 오 드 뚜왈렛,구찌,"샤넬 알뤼르 옴므 스포츠와 뉘앙스가 비슷한 20, 30대 남자향수","90,000원",4.6
Men,15,디올 옴므 코롱,디올,포카리 스웨트처럼 청량하고 깔끔한 공용 향수,"102,500원",4.8
Men,16,반클리프 앤 아펠 네롤리 아마라 오 드 퍼퓸,반클리프 앤 아펠,"티 없는 가을 하늘의 청량한 달콤함이 나리는, 네롤리와 잔잔한 우디가 선사하는 산뜻함","187,000원",5.0
Men,17,아쿠아 디 파르마 치노또 디 리구리아 75/150ml,아쿠아 디 파르마,이태리 남부의 따스한 햇살같은 시트러스가 마음을 어루만지는 평온함,"83,800원",4.3
Men,18,샤넬 레조 드 파리 도빌 오 드 뚜왈렛 50ml,샤넬,"올여름, 가장 청량한 잔디에서 쉬는 듯한 편안함","124,000원",4.9
Men,19,샤넬 알뤼르 옴므 에디션 블랑쉐 오 드 퍼퓸 50ml,샤넬,잔향이 정말 좋아서 많은 여성분들이 물어보는 섹시한 남자향수,"122,500원",4.8
Men,20,샤넬 알뤼르 옴므 스포츠 코롱 50ml,샤넬,레몬 스프레이를 살짝 뿌린 새로산 하얀 와이셔츠,"102,500원",4.5
Men,21,샤넬 알뤼르 옴므 스포츠 오 드 뚜왈렛 50ml,샤넬,"샤넬 남자향수 전성기의 시초, 고급스러운 남성미","102,500원",4.8
Men,22,샤넬 플래티넘 에고이스트 뿌르옴므 오 드 뚜왈렛 50ml,샤넬,샤넬 남성향수중 가장 클래식한 매력을 갖고 있는 향수,"102,500원",4.6
Men,23,불가리 뿌르옴므 익스트림 오 드 뚜왈렛,불가리,"세련되고 모던한 분위기가 묻어 나오는 남성, 근처에 시원 - 쌉싸름하게 퍼지는 녹차 내음","135,000원",5.0
Men,24,불가리 뿌르옴므 오 드 뚜왈렛,불가리,"흰 와이셔츠 소매를 걷어 올린 순간, 맑게 우린 다즐링 티와 산뜻한 베티버의 컨템포러리한 향기","95,000원",4.9
Men,25,샤넬 블루 드 샤넬 오 드 퍼퓸 50ml,샤넬,짙은 네이비 슈트가 생각나는 남성의 향기,"117,500원",4.9
Men,26,샤넬 블루 드 샤넬 퍼퓸 빠르펭 NEW 50ml,샤넬,"18년신상, '블루 드 샤넬' 그 정체성의 끝","137,500원",4.7
Men,27,톰포드 만다리노 디 아말피 오 드 퍼퓸,톰포드,아말피산 만다린이 지중해 파도 거품으로 녹아드는 순간을 담은 싱그러움,"295,000원",0.0
Men,28,샤넬 블루 드 샤넬 퍼퓸 빠르펭,샤넬,"묵직한 수컷의 클래식함, 블루 드 샤넬","164,000원",4.9
Men,29,바이레도 우드이모텔 오 드 퍼퓸,바이레도,"챗베이커의 음악, 로즈우드 테이블과 위스키, 타바코 담배가 모여 한 편의 재즈를 연주하는 감각적인 향기","197,000원",4.7
Men,30,산타마리아노벨라 포푸리 오 드 코롱 100ml,산타마리아노벨라,"마르지 않은 땅 위 텐트를 친 야영, 다양한 나무냄새와 진한 허브가 아로마틱하게 퍼지는 밤","152,000원",5.0
Men,31,로에베 001 우먼 오 드 뚜왈렛 30/50ml,로에베,"로에베 특유의 서정적 우디 내음이 잘 표현된, 바닐라-코코넛의 분분한 낙화의 향기","72,000원",4.8
Men,32,조르지오 아르마니 아쿠아디지오 뿌르옴므 오 드 뚜왈렛,조르지오아르마니,"20년 베스트셀러, 프레쉬푸제르 계열 대표적인 남성향수","58,000원",4.6
Men,33,메종 마르지엘라 위스퍼 인 더 라이브러리,메종 마르지엘라,해리포터 도서관이 연상되는 웅장하고 부드러운 나무와 통카빈향기,"145,000원",4.7
Men,34,프라다 르옴므 오 드 뚜왈렛 50/100ml,프라다,지적이고 도시적인 남자의 수트 안단에 배여있을 법한 남성미,"94,500원",4.9
Men,35,메종 마르지엘라 마차 메디테이션,메종 마르지엘라,"동양적인 무드의 말차라떼, 그 달콤함이 오렌지 플라워에 차분히 스미는 정갈함","80,900원",5.0
Men,36,르페르소나 LP02 피콕 페더 오 드 퍼퓸,르페르소나,"바닷가 선베드에 누워 만끽하는 여름휴가, 타오르는 햇빛 사이로 산뜻하게 퍼지는 라임과 코코넛","104,000원",5.0
Men,37,르페르소나 LP04 골든 젬 오 드 퍼퓸,르페르소나,"잊을 수 없는 무도회의 한 장면, 달콤한 바닐라와 무화과가 깊은 인상을 남기고 유유히 사라지는 순간의 향기","104,000원",4.0
Men,38,르페르소나 LP03 우든 페이스 오 드 퍼퓸,르페르소나,"거칠고 각진 나무토막의 표면을 매끄럽고 둥글게 조각하듯, 마음까지 감싸 안아주는 산뜻하고 편안한 나무냄새","104,000원",4.5
Men,39,톰포드 로스트 체리 오 드 퍼퓸,톰포드,"몸을 한껏 달아오르게 하는 통카빈과 대단히 뇌쇄적인 체리, 이 밤을 더욱 길고 짙게 만드는 유혹","365,000원",5.0
Men,40,구찌 길티 블랙 뿌르옴므 오 드 뚜왈렛,구찌,여자들의 취향을 잘 이해할것 같은 세련되고 남자다운 향기,"90,000원",4.5
Men,41,퍼퓸 드 말리 레이튼 75/125ml,퍼퓸 드 말리,바닐라빈과 위스키를 닮은 커피 블렌딩의 섹시한 향연,"223,000원",4.9
Men,42,세르주루텐 상탈 마제스퀼 오 드 퍼퓸,세르주루텐,샌달 우드의 숨겨진 마스터피스- 샌달 나무의 하얀 속살을 인센스 향기가 감싸안는 신비로움,"174,500원",5.0
Men,43,바이레도 선데이 코롱 오 드 퍼퓸,바이레도,"센트럴파크 화단에 핀 제라늄과 베티버, 그 사이를 톡톡히 적시는 푸른 봄비의 베르가못","197,000원",5.0
Men,44,바이레도 어코드 우드 오 드 퍼퓸,바이레도,"느와르 식의 거칠고 섹시한, 스모키 오우드 향수의 끝판왕","197,000원",5.0
Men,45,바이레도 벨벳 헤이즈 오 드 퍼퓸,바이레도,"조용한 벤치, 으깨지는 코코넛을 바라보는 순간 깊은 감회에 잠기게 만드는 향기","197,000원",5.0
Men,46,바이레도 일레븐스 아워 오 드 퍼퓸,,"바이레도 한정판, 신비한 향신료와 술의 달큰함이 끼쳐오는 이국적인 오리엔탈풍 향기","197,000원",0.0
Men,47,메모 이탈리안 레더 오드퍼퓸 75ml,메모,그을린 바닐라와 스모키한 레더가 구겨진 영자 신문처럼 빈티지하게 연출된 향기,"263,000원",0.0
Men,48,조말론 인센스 앤 세드라 코롱 인텐스,조말론,"삭막한 초원에 단비가 그치고 난 뒤, 슴슴하게 올라오는 마른 풀들과 나무들의 아로마틱한 산뜻함","158,000원",4.0
Men,49,톰포드 베네시안 베르가못 오 드 퍼퓸,톰포드,"고급스러운 스웨이드 질감의 앰버가 야경으로 깔린 밤, 지적인 가드니아와 베르가못이 연출하는 도시의 밤 향기","305,000원",0.0
Men,50,톰포드 오드우드 오 드 퍼퓸 50ml,톰포드,"오우드의 성숙함을 극대화, 톰포드 클래식 섹시의 정수","265,000원",4.8
Men,51,에르메스 떼르 데르메스 오 드 뚜왈렛,에르메스,"묵직한 송진과 베티버가 어울린, 클래식하고 단단한 남성미","135,000원",4.8
Men,52,딥디크 로드네롤리 오 드 뚜왈렛 100ml,딥티크,밝은 햇살을 머금은 비터 오렌지가 싱그럽게 흔들리는 네롤리의 푸른 잎사귀에 스며드는 순간,"175,000원",5.0
Men,53,랄프로렌 폴로 블랙 오 드 뚜왈렛 40/75/125ml,랄프로렌,"망고 리큐르와 그린 어코드가 함께 짓눌려, 스킨처럼 어울린 상남자의 향","54,500원",5.0
Men,54,불리 오 트리쁠 포레드 코미 75ml,불리 1803,"겨울 끝무렵, 한기가 닿은 쌉싸래한 풀내음이 가득 담긴 숲의 향기","170,000원",0.0
Men,55,크리드 밀레지움 임페리얼 오 드 퍼퓸,크리드,바다소금 향기가 고급스럽게 얽혀 귀족이 연상되는 향기,"305,000원",4.4
Men,56,에르메스 떼르 데르메스 오 인텐스 베티버 오 드 퍼퓸,에르메스,석양이 지는 광야가 연상되는 생명력 넘치는 레몬과 베티버 향기,"105,000원",4.8
Men,57,메모 케두 오드퍼퓸 75ml,메모,노곤하고 따뜻한 들깨가루 오일의 깊고 에센셜한 향기,"263,000원",5.0
Men,58,더 디퍼런트 컴퍼니 수블림 발키스 오 드 퍼퓸,더 디퍼런트 컴퍼니,비오는날 정원의 흙바닥에서 고고하게 있는 생장미와 블랙커런트의 향기,"168,000원",4.6
Men,59,메모 오리엔탈 레더 오 드 퍼퓸 75ml,메모,"라벤더 빛 물안개, 흔들리는 바람에 피어난 장미 뒤로 밤하늘을 가득 수놓는 파츌리의 수수한 내음","263,000원",5.0
Men,60,불리 오 트리쁠 베르켄 오렌지 블라썸 75ml,불리 1803,"갓 따낸 오렌지 나무 잎사귀에 레몬즙을 뿌린듯, 무더운 여름날 단비 같이 싱그런 오렌지 꽃망울","170,000원",0.0
Men,61,오리베 데저트랜드 오 드 퍼퓸 75ml,오리베,"소나무의 청량함이 건조하게 피어나는 곳, 사막. 그 담담함에 대한 향기","128,870원",0.0
Men,62,장 폴 고티에 르보 오 드 뚜왈렛 75/125ml,장 폴 고티에,그냥 상남자 자체인 코코넛 베이스의 남자스킨 향기,"80,800원",4.8
Men,63,메종 마르지엘라 앳더바버,메종 마르지엘라,잘 마른 면도날에 남자향기가 나는 쉐이빙폼을 얹은 듯한 산뜻한 향기,"80,900원",5.0
Men,64,디올 화렌화이트 오 드 뚜왈렛 50/100ml,디올,"세월을 거듭난 명작, 그 명성에 걸맞는 섹시한 남자의 앰버 향기","155,000원",4.8
Men,65,톰포드 블랙 오키드 오 드 퍼퓸 50ml,톰포드,"톰포드 베스트셀러, 럼에 담긴 플럼의 다크한 보랏빛이 연출하는 퇴폐적인 관능미","160,000원",4.9
Men,66,킬리안 인톡시케이티드 오 드 퍼퓸,킬리안,"에스프레소의 쌉싸름함과 매콤한 시나몬, 설명할 수 없을 정도로 중독적인 남자의 주변에 퍼져있는 향기","275,000원",5.0
Men,67,에르메스 운 자르뎅 아프레 라 무쏭 오 드 뚜왈렛,에르메스,"갑자기 내린 여우비에, 촉촉한 꽃내음과 물내음 섞인 메론향기가 피어났던 한적한 프랑스 정원","145,000원",0.0
Men,68,랄프로렌 폴로 스포츠 오 드 뚜왈렛 75/125ml,랄프로렌,"공부까지 잘하는 교내 인기쟁이 형이 운동 후, 찬물로 등목하는 스킨 향기","59,000원",5.0
Men,69,구찌 알케미스트 가든 문라이트 세레나데 오 드 퍼퓸 150ml,구찌,"시원한 라벤더 바람과 함께 내 귓등을 타고 흐르는 청량함, 세이지와 라벤더의 여름날 향기","289,000원",0.0
Men,70,펜할리곤스 베스트셀러 디스커버리 세트,펜할리곤스,펜할리곤스 베스트 & 스테디셀러 10종으로 구성된 디스커버리 패키지,"49,000원",5.0
Men,71,오리베 프래그런스 디스커버리 세트,오리베,"청량하게 부서지는 넓은 확산력, 오리베를 경험하기 좋은 3종 디스커버리 세트","29,700원",5.0
Men,72,아쿠아 디 파르마 콜로니아 에센자 오 드 코롱 50ml,아쿠아 디 파르마,"클래식함과 모던함이 공존하는, 뿌옇고 품격있는 비누향기","108,000원",4.8
Men,73,구찌 알케미스트 가든 어 윈터 멜로디 사이프러스 센티드 워터 150ml,구찌,"서늘한 겨울 공기가 하얀 입김으로 되돌아가는 풍경, 그곳을 에워싸는 눈 덮인 초겨울의 숲 향기","289,000원",5.0
Men,74,아틀리에 코롱 클레망틴 캘리포니아 30ml,아틀리에 코롱,"소다 밀키스를 마시는 상큼함, 아틀리에의 베스트셀러","72,000원",4.8
Men,75,메종마르지엘라 언더 더 레몬트리,메종 마르지엘라,레몬향 진토닉으로 천천히 취해가는 것 같은 노곤한 향기,"80,900원",5.0
Men,76,에트로 라자스탄 오 드 퍼퓸 100ml,에트로,"자유를 찾아 유랑하는 집시,보헤미안 스타일의 묵직한 앰버와 미모사 그리고 머스크의 폭닥한 향기","135,200원",0.0
Men,77,에트로 맨로즈 오 드 퍼퓸 100ml,에트로,"트렌디하고 세련된 분위기를 자아내는 베티버와 제라늄, 그 독보적 분위기","135,000원",4.9
Men,78,크리드 로얄워터 오 드 퍼퓸,크리드,"레몬과 바질의 깔끔함이 늘 잘 먹히는, 누구나 좋아할 법한 군더더기 없는 남성미","305,000원",4.9
Men,79,에르메스 떼르 데르메스 퓨어 퍼퓸,에르메스,묵직한 송진과 나무가 어울려 클래식하고 단단한 남성미 연출,"145,000원",4.4
Men,80,에르메스 오 도랑쥬 베르트 오 드 코롱,에르메스,"나른함 가득한 늦은 오후, 커튼 사이로 들어오는 햇살을 타고 흐르는 오렌지와 레몬의 상큼함","105,000원",0.0
Men,81,에르메스 오 드 시트론 느와 오 드 코롱,에르메스,"에르메스식 남성의 관능미, 아슬아슬한 경게 사이를 넘나드는 시트러스 - 스모키의 정석","105,000원",5.0
Men,82,몽클레르 뿌르 팜므 오 드 퍼퓸,몽클레르,"포근함이 느껴지는 함박눈 위로, 달콤한 바날리색 연유 라떼가 가볍게 녹아들며 남기는 자취","110,000원",5.0
Men,83,나소마토 블랙 아프가노 엑스트레 퍼퓸 30ml,나소마토,"안개낀 고요한 숲속, 마른나무의 깊이감보다 짙은 관능의 머스크 내음","245,500원",5.0
Men,84,나소마토 블라마주 엑스트레 퍼퓸 30ml,나소마토,"결이 질긴 가죽을 자작나무에 엮어 불을 붙였을 때, 올라오는 짙은 연기가 거칠게 퍼지는 향기","245,500원",0.0
Men,85,나소마토 바라온다 엑스트레 퍼퓸 30ml,나소마토,"달콤한 스카치 캔디를 문 채 한 모금 삼키는 위스키와 재즈의 선율의 어울린, 완벽한 무드","245,500원",0.0
Men,86,프라고나르 상탈 오 드 뚜왈렛 100/200ml,프라고나르,"상탈을 사포질해, 사랑과 정성이 담겨 비누처럼 편안해진 우디 향기","71,500원",4.9
Men,87,존바바토스 아티산 퓨어 오 드 뚜왈렛 75/125ml,존바바토스,건강한 눈빛과 우월한 기럭지가 연상되는 시트러스 우디,"39,540원",4.9
Men,88,크리드 바이킹 50/100ml,크리드,"듬직한 품 속 장미꽃을 건넬만큼, 덩칫값은 못해도 그런 순수함이 매력인 남자","252,000원",4.5
Men,89,크리드 어벤투스 코롱 50ml,크리드,"자작나무향을 잔뜩 머금은 스킨처럼 별거 안 한게 더 멋있는, 남자 캐주얼의 정석","310,000원",4.9
Men,90,클린 클래식 웜코튼 오 드 퍼퓸 30/60ml,클린 리저브,전방 100m 밖까지 닿는 새하안 비누 향기에 마음까지 산뜻해지는 깨끗한 향기,"38,000원",4.8
Men,91,케네스콜 블랙 오 드 뚜왈렛 30/100ml,케네스콜,캠퍼스 모델같은 시크한듯 자상한 남사친 향수의정석,"35,000원",4.8
Men,92,트루사르디 - 르비드 밀라노 비하인드 커튼 스칼라 오 드 퍼퓸 100ml,트루사르디 르비드 밀라노,막내린 극장에서 연습하는 배우의 열정 가득한 클로브 레더,"238,000원",0.0
Men,93,퍼퓸 드 말리 페가수스 75/125ml,퍼퓸 드 말리,거리를 바짝 당기고 싶을 만큼 매력적인 남자의 스킨-우디 향기,"215,000원",4.8
Men,94,퍼퓸드말리 칼라일 125ml,퍼퓸 드 말리,"풍미가 가득한 크리미한 우유에 화이트초콜릿, 샌달우드가 올려진 따스함","370,000원",4.3
Men,95,퍼퓸드말리 갤러웨이 75/125ml,퍼퓸 드 말리,"퍼퓸 드 말리, 남성향수 갤러웨이","245,000원",5.0
Men,96,퍼퓸드말리 헤로드 75/125ml,퍼퓸 드 말리,"걸음걸이, 눈빛, 매너까지 달콤한 통카빈과 바닐라의 지적인 자상함","255,000원",4.8
Men,97,퍼퓸 드 말리 칼란 75ml,퍼퓸 드 말리,"자유로운 재즈 바 속 쌉싸름한 후추와 통카빈, 당신에게 선사하는 주황빛 낭만의 향","215,000원",0.0
Men,98,입생로랑 라 뉘 드 옴므 60/100ml,입생로랑,"입생로랑의 대표 히트작, 은은하게 스며드는 남자다움","118,000원",4.3
Men,99,에르메스 H24 오 드 뚜왈렛 50/100ml,에르메스,"에르메스 남자향수의 새로운 역사, 5월의 산뜻함이 잔뜩 배인 비누계열 스클라렌 향기","85,000원",4.9
Men,100,알마프 클럽 드 뉘 인텐스 오 드 뚜왈렛 105/200ml,알마프,"어벤투스 클론, 그럼에도 기분 좋은 상큼함은 더욱 살린 캐주얼 향수","45,000원",4.7
Men,101,아이젠버그 조즈 옴므 30/50/100ml,아이젠버그,따뜻한 아메리카노처럼 상대의 마음을 잔잔히 녹아들게 하는 달콤함,"65,200원",4.8
Men,102,아이젠버그 디아볼리끄 옴므 30/50/100ml,아이젠버그,"나쁜 게 확실한데, 도저히 미워할래야 미워할 수 없는 매력","65,200원",4.8
Men,103,아베크롬비앤피치 피어스 맨 오 드 코롱 50/100/200ml,아베크롬비,아베크롬비 본사를 대표하는 시그니쳐 남자향수,"98,000원",4.7
Men,104,아틀리에 코롱 포멜로 파라디 30ml,아틀리에 코롱,생 자몽 하나를 그대로 갈아낸 듯한 싱싱함,"72,000원",4.7
Men,105,세르주루텐 앰버 술탄 오 드 퍼퓸,세르주루텐,"인센스 향초가 가득한 페르시아 상점 속, 주황빛 앰버 보석이 홀로 빛나는 신비스러운 향기","174,500원",5.0
Men,106,세르주루텐 파이브 어 클락 오 진저 오 드 퍼퓸,세르주루텐,"영국 신사와 갖는 티타임, 그의 매너를 닮은 산뜻 달콤한 우디- 진저 티 한잔","174,500원",5.0
Men,107,사랑해요 #98 밋 조플린 오 드 퍼퓸 100ml,사랑해요,"뒷골목 재즈 바 감성을 닮아, 느린 템포 속 다채롭고 풍성하게 흐르는 바닐라 향기","123,000원",5.0
Men,108,사랑해요 #70 베스팅 데이 오 드 퍼퓸 100ml,사랑해요,"내 몸보다 더 나같은, 신사답게 꼭 맞아 떨어지는 베티버 향기","123,000원",5.0
Men,109,사랑해요 #61 빌리브 인 캐피탈리즘 오 드 퍼퓸 100ml,사랑해요,"자본주의의 환희와 절정, 그 양면성을 담은 라즈베리 - 레더 향기","123,000원",0.0
Men,110,사랑해요 #71 시리즈 에이 오 드 퍼퓸 100ml,사랑해요,"타고난 사업가, 그 모험에서 오는 쾌감을 즐길 줄 아는 남자의 향기","123,000원",5.0
Men,111,빅터앤롤프 스파이스밤 오 드 뚜왈렛 90ml,빅터앤롤프,해외에서 샤넬향수만큼 인기많은 섹시한 상남자 향수,"135,000원",4.8
Men,112,불리 오 트리쁠 알 카시르 75ml,불리 1803,"살짝 힘을 뺀 바닐라와 고소한 샌달우드, 느슨한 듯 여유로운 우디 내음","170,000원",0.0
Men,113,롤리타 렘피카 옴므 오 드 뚜왈렛 50/100ml,롤리타렘피카,부드러운 나뭇조각에 살며시 배인 바닐라가 만드는 센슈얼함,"39,500원",4.9
Men,114,롤리타 렘피카 그린러버 오 드 뚜왈렛 50/100ml,롤리타렘피카,"단언컨대, 메종 재즈클럽만큼 분위기있는 주니퍼베리 진과 옆에 놓인 바닐라 한 조각","54,000원",5.0
Men,115,로이비 로터스 앤 인센스 오 드 퍼퓸 50ml,로이비,"로이비의 중성 향수 베스트셀러, 푸르스름한 안개비를 들이마신 연꽃의 향기","98,100원",5.0
Men,116,로이비 만다린 앤 샌달우드 오 드 퍼퓸 50ml,로이비,"마음 한 켠에 쌓아둔 유년시절, 그 시기를 닮은 민트 잎의 옅은 풀물과 자몽의 쌉싸름함","98,100원",5.0
Men,117,로이비 휘그 앤 시더우드 오 드 퍼퓸 50ml,로이비,"진중한 숲의 향기를 머금은 무화과, 그 하얀 달콤함이 경쾌하게 피어나는 포레스트","98,100원",4.7
Men,118,랄프로렌 폴로 레드 오 드 뚜왈렛 40/75/125ml,랄프로렌,"타고난 인싸력, 그 끼를 주체할 수 없는 익살스러운 남자의 향기","54,500원",5.0
Men,119,랄프로렌 폴로 오 드 뚜왈렛 59/118ml,랄프로렌,"진중한 부드러움, 폴로의 전설이자 정체성 그 자체의 향기","71,500원",4.8
Men,120,랄프로렌 폴로 블루 맨 오 드 뚜왈렛 40/75/125ml,랄프로렌,"막 씻은 뒤 비누,스킨 향기가 어우러져 스킨-살내음을 연출하는 쾌남의 향","54,500원",4.7
Men,121,프라다 루나로사 오 드 뚜왈렛 50/100ml,프라다,강가의 수분감이 섞인 산뜻한 비누향,"86,000원",4.7
Men,122,프라다 레스 인퓨전 디 아이리스 세더 오 드 퍼퓸 100ml,프라다,도브비누 10개를 응축시켜 흩뿌린 듯한 편안하고 고급스러운 프라다 남자향수,"184,000원",4.8
Men,123,프라다 루나로사 블랙 오 드 퍼퓸 50/100ml,프라다,"겉은 강해도 속은 한없이 순한 남자, 이상적인 남자의 매력","94,000원",4.5
Men,124,프라다 루나로사 카본 오 드 뚜왈렛 50/100/150ml,프라다,지적이고 도시적인 느낌이 가득한 남성의 수트에서 풍기는 향기,"86,000원",4.8
Men,125,데렉 램 10 크로스비 레인데이 오 드 퍼퓸 10/50/100ml,데렉 램 10 크로스비,"비온 뒤, 솔잎이 덕지덕지 붙은 나무판자를 찌걱찌걱 밟을 때의 분위기","33,300원",4.0
Men,126,누NOU 올리반 오 드 뚜왈렛 50ml,누NOU,솔나무와 송진이 배인 옷깃에 순수한 마음까지 갖춘 올곧은 감수성의 남자향기,"42,000원",5.0
Men,127,누NOU 에이버리 오 드 뚜왈렛 50ml,누NOU,센스있는 남자의 부드러운 우디-시트러스풍 깔끔함,"42,000원",5.0
Men,128,누NOU 우디 오 드 뚜왈렛 50ml,누NOU,센스있는 남자의 부드러운 우디-시트러스풍 깔끔함,"42,000원",3.0
Men,129,프로소디 런던 모카 무스카리 오 드 퍼퓸 50ml,프로소디 런던,야생 주니퍼베리와 베티버에서 느껴지는 듬직함에 깊은 책임감을 느끼게 되는 향기,"134,000원",5.0
Men,130,프로소디 런던 우드 옥타브 오 드 퍼퓸 50ml,프로소디 런던,"파피루스 나무 사이를 헤쳐 나갈 때, 옷깃에 배인 나무 내음이 문득 편안해지던 순간","134,000원",0.0
Men,131,프로소디 런던 랜턴 리드 오 드 퍼퓸 50ml,프로소디 런던,손 안의 작은 랜턴 불의 열기가 베티버 기둥에 닿아 따스한 온기를 느끼게 하는 자연의 향기,"134,000원",5.0
Men,132,나르시소 로드리게즈 포 힘 블루 느와르 50/100ml,나르시소 로드리게즈,"짙은 네이비 정장이 잘 어울리는 남자, 부드러운 묵직함","44,800원",4.8
Men,133,프로소디 런던 피치카토 블리스 오 드 코롱 30ml,프로소디 런던,"넓은 초원을 맨발로 내달리는 용기, 풀의 시원한 쌉싸름함에 다시금 힘을 얻게 되는 순간","70,500원",0.0
Men,134,버버리 런던 포 맨 오 드 뚜왈렛 30/50/100ml,버버리,"쌀쌀한 가을 바람 속, 패션 센스와 마음까지 착한 남자","40,000원",5.0
Men,135,SWG컬렉션 오드더티 50ml,SWG Collection,"푸릇한 소나무와 파츌리가 가볍고 또 시원하게, 여름에도 뿌리기 좋은 청량함","88,200원",4.0
Men,136,SWG컬렉션 파인보일 50ml,SWG Collection,"일렁이는 바다 위로 드리워진 파란 소나무와 만다린의 산뜻함, 휴양지의 향기","88,200원",3.0
Men,137,SWG컬렉션 팜스웨이드 50ml,SWG Collection,처음부터 끝까지 포근한 스웨이드 질감을 유지하는 샌달우드와 레몬. 데일리로 쓰기 좋은 비누 내음,"88,200원",4.5
Men,138,바이레도 1996 오 드 퍼퓸,바이레도,"인센스 연기가 자욱한 작업실 안, 바이올렛의 나른함을 풍기는 신비로운 예술가의 분위기를 담아낸 향기","193,500원",5.0
Men,139,메종 프란시스 커정 아쿠아 유니버셜 오 드 뚜왈렛 70ml,메종프란시스 커정,어디서 상큼한 향기난다! 할 정도로 청아하고 날카로운 공용 향수,"220,000원",4.8
Men,140,메종 프란시스 커정 아쿠아 셀레스티아 오 드 뚜왈렛 70ml,메종프란시스 커정,"빙하얼음을 분쇄한 듯, 청량함을 담아 지적이고 깨끗한 향기","224,000원",4.7
Men,141,메종 프란시스 커정 아쿠아 비떼 오 드 뚜왈렛 70ml,메종프란시스 커정,"과이악 우드의 잎사귀가 가을 낙엽으로 레몬색을 띄는 계절, 만다린 조각이 스파클링하게 통카빈을 두드리는 시간","224,000원",5.0
Men,142,퍼퓸드말리 세들리 75/125ml,퍼퓸 드 말리,청량한 물방울이 튄 스피아민트에 헬창느낌 가득한 라벤더 스킨 내음 살짝,"235,000원",0.0
Men,143,스테파니 브루진 마이 젠틀맨 오 드 퍼퓸 100ml,스테파니 브루진,철보다 단단한 심장을 가진 남자의 아로마틱 - 푸제르 계열 스킨내음,"225,000원",0.0
Men,144,조말론 잉글리쉬 오크 앤 헤이즐넛 코롱,조말론,"삼림 속 세차게 내린 비는 헤이즐넛과 삼나무의 밑바탕이 되어, 신선한 피톤치드를 더욱 힘있게 뿜어내는 향기","87,800원",5.0
Men,145,장 폴 고티에 르말 오 드 뚜왈렛 40/75/125ml,장 폴 고티에,"위태로운 섹시함이 뚝뚝 묻어나는, 국내에서 구할 수 없던 남자향수","56,000원",4.7
Men,146,킬리안 스트레이트 투헤븐 화이트크리스탈 오 드 퍼퓸 50ml,킬리안,풍부한 부드러움과 깊이감 가득한 오우드 나무를 닮아 분위기를 압도하는 사내의 향기,"265,000원",5.0
Men,147,바이레도 블랑쉬 오 드 퍼퓸 50/100ml,바이레도,"바이레도 대표작, 기분까지 상큼해지는 산뜻한 비누","205,000원",4.8
Men,148,메종마르지엘라 레이지선데이 모닝 100ml,메종 마르지엘라,"편안한 침대에 누웠을 때, 이불 속으로 온 몸이 녹아들듯 느껴지는 편안함","145,000원",4.8
Men,149,메종마르지엘라 비치워크,메종 마르지엘라,석양에 보며 먹는 부담스럽지 않은 코코넛밀크 한잔,"80,900원",4.7
Men,150,딥디크 오르페옹 오 드 퍼퓸 75ml,딥티크,"빳빳한 와이셔츠 위로 알싸한 주니퍼베리 안개가 스민, 시크한 긴장감의 런더리 향수","225,000원",4.9
Men,151,딥디크 제라늄 오도라타 오 드 뚜왈렛 100ml,딥티크,"촉촉히 젖은 토지에서 올라오는 흙내음 사이, 초원의 그늘진 풀 속을 헤집고 피어난 제라늄 향기","175,000원",5.0
Men,152,디올 옴므 인텐스 오 드 퍼퓸 100ml,디올,섹시함과 보호본능을 동시에 유발하는 암브레트 - 바닐라 향기,"148,000원",4.8
Men,153,퍼퓸드말리 퍼시발 75/125ml,퍼퓸 드 말리,"퍼퓸 드 말리 남성향수, 퍼시발","198,000원",0.0
Men,154,메모 문 피버 오 드 퍼퓸 75ml,메모,"가만가만 흔들리는 네롤리의 산뜻함에 보랏빛 노을처럼 얹어지는 야생화, 베티버 향기","263,000원",5.0
Men,155,프레데릭 말 프렌치 러버 50ml,프레데릭말,"단정하고도 세심한 감수성, 비에 젖은 소나무와 낙엽을 보며 한 편의 시를 읊어내는 감성","198,000원",5.0
Men,156,프라고나르 패츌리 오 드 뚜왈렛 100/200ml,프라고나르,"파츌리와 통카빈을 아로마오일로 내어 천천히 데울 때, 방안을 따스하게 감싸안는 편안함","71,500원",5.0
Men,157,프라고나르 수이베무아 오 드 뚜왈렛 200ml,프라고나르,"남자다운 라벤더 위로 부드럽게 내려앉은 바닐라, 자상한 남자에게 느껴지는 포근한 온기","102,000원",5.0
Men,158,크리드 로얄 메이페어 75/100ml,크리드,소나무와 유칼립투스가 넓게 펼쳐진 영국 옥스포드 정원의 향기,"248,000원",5.0
Men,159,톰포드 코스타 아주라 오 드 퍼퓸 50ml,톰포드,잔잔한 우디내음에 무심하게 얹어진 지중해 바람의 향기,"183,000원",4.9
Men,160,톰포드 그레이 베티버 오 드 퍼퓸 50ml,톰포드,"나무비누 질감으로, 베티버 입문자부터 스타일리쉬한 남자친구까지 연출 가능한 베티버 향기","140,000원",5.0
Men,161,세르주루텐 로 오 드 퍼퓸 50ml,세르주루텐,"세르주루텐 베스트셀러, 물기 가득한 와이셔츠 같은 깨끗한 비누내음","127,800원",4.8
Men,162,세르주루텐 밥뗌므 뒤 퍼 오 드 퍼퓸,세르주루텐,"실탄 화약 냄새, 진저, 계피가 얽혀 환호성 가득한 축제의 분위기","174,500원",5.0
Men,163,세르주루텐 르 파티시프 빠세 오 드 퍼퓸 50ml,세르주루텐,"천 년의 시간을 견딘 고목, 시간이 쌓여야만 느낄 수 있는 진중한 무게감","174,500원",0.0
Men,164,로에베 001 맨 오 드 뚜왈렛 50ml,로에베,"서정적이고 부드러운 우디 향기의 정석, 데일리로 편하게 쓰기 좋은 남녀공용 우디 향수","90,000원",4.9
Men,165,돌체앤가바나 더원 포맨 오 드 뚜왈렛 30/50/100ml,돌체앤가바나,재즈바에서 울려퍼질 것 같은 깊고 따뜻하고 달콤한 신사의 향기,"43,800원",4.8
Men,166,돌체앤가바나 뿌르옴므 new 75/125ml,돌체앤가바나,"단종 후 한달전에 재출시, 유행타지 않는 전 세계적 남자향수","63,700원",4.6
Men,167,바이레도 모하비고스트 오 드 퍼퓸 50/100ml,바이레도,"연보랏빛 물안개 속, 상큼달콤한 과일비누","198,500원",4.7
Men,168,킬리안 로즈 온 아이스 오 드 퍼퓸 50ml,킬리안,"상큼한 진토닉으로 씻어내는 하루의 고단함, 코 끝에 머무는 진과 물에 젖은 장미 향기","270,000원",0.0
Men,169,에트로 페가소 오 드 뚜왈렛 50ml,에트로,시원한 하이볼이 경쾌하게 부딪치며 한강 잔디공원 위로 흩뿌려질 때,"83,000원",4.7
Men,170,바이레도 집시워터 오 드 퍼퓸 50/100ml,바이레도,교향곡 처럼 조화롭고 은은한 우디와 바닐라,"198,500원",4.6
Men,171,발렌티노 우모 오 드 뚜왈렛 50ml,발렌티노,신사를 닮은 헤이즐넛 초콜릿의 단정하고 세련된 향기,"128,000원",4.9
Men,172,조말론 머르 앤 통카 코롱 인텐스,조말론,"그 남자의 사랑법, 통카빈을 감싸 안은 따뜻한 머르 나무에서 느껴지는 자상함","235,000원",5.0
Men,173,조말론 오드앤베르가못 코롱 인텐스 50ml,조말론,"강단있는 오우드와 확신에 찬 시더우드의 조합, 그만의 여유로 점철된 분위기의 향기","158,000원",5.0
Men,174,몽블랑 레전드 나이트 오 드 퍼퓸 30/50/100ml,몽블랑,부드럽고 달콤한 잔향에서 잘생김이 묻어나오는 피드백이 좋은 남자향수,"39,300원",4.6
Men,175,몽블랑 스타워커 오 드 뚜왈렛 50/75ml,몽블랑,"주변 공기까지 환기시키는, 새하얀 캐주얼 와이셔츠 향기","45,500원",5.0
Men,176,몽블랑 레전드 오 드 뚜왈렛 30/50/100ml,몽블랑,"가볍지 않아 더 멋있는, 수트입은 남자의 섹시한 무게감과 분위기","35,800원",4.9
Men,177,딥디크 트레블퍼퓸 오 드 뚜왈렛 12ml,딥티크,"직접 커스터마이징하는 나만의 딥디크, 반영구적 사용으로 지속가능성까지 고려한 트레블 스프레이","130,500원",5.0
Men,178,바이레도 슈퍼 시더 오 드 퍼퓸,바이레도,"심플하되, 모던하게- 시더우드의 군더더기 없는 깔끔함이 가장 잘 묘사된 향수","198,500원",5.0
Men,179,프레데릭 말 포트레이트 오브 어 레이디 50ml,프레데릭말,"비에 젖은 라즈베리와 짙은 색의 장미가 쌉싸름하고 우디한 파츌리와 어울린, 고혹적 분위기","277,800원",5.0
Men,180,딥디크 베티베리오 오 드 퍼퓸 75ml,딥티크,오 드 뚜왈렛보다 베티버의 남성적인 분위기가 한층 짙어진 진중한 향기,"194,800원",4.9
Men,181,바이레도 발다프리크 오 드 퍼퓸 50/100ml,바이레도,"늦가을, 커피잔 같은 따뜻한 달콤함","205,000원",4.6
Men,182,메모 아이리쉬 레더 오 드 퍼퓸 75ml,메모,바람을 타고 흩날리는 바싹 마른 마테잎이 말안장 위로 뭉근하게 쌓여 퍼지는 씁쓸한 향기,"263,000원",0.0
Men,183,크리드 실버마운틴 워터,크리드,깔끔하고 멋스러운 느낌의 크리드 남자향수 베스트셀러,"305,000원",4.8
Men,184,아쿠아 디 파르마 바닐라 오 드 퍼퓸 100ml,아쿠아 디 파르마,"오후 2시의 바닐라빛 햇살, 헬리오트로프를 베고 노곤히 쏟아지는 잠을 청하는 편안한 향기","185,000원",0.0
Men,185,케네스콜 블루 오 드 뚜왈렛 100ml,케네스콜,빙하속에 묻힌 파인애플을 먹는 것 같은 차갑고 시크한 느낌의 캐쥬얼향수,"53,800원",4.6
Men,186,에르메스 운 자르뎅 메디테라네 오 드 뚜왈렛,에르메스,"분수대 앞 공원 벤치에 걸터앉아 느껴보는, 햇살처럼 번지는 오렌지와 무화과 나무에서 퍼지는 달콤한 향기","145,000원",0.0
Men,187,메종마르지엘라 세일링데이,메종 마르지엘라,"선선한 바닷 바람이 뺨을 스칠 때, 요트 위에서 가볍게 숨을 고르는 듯한 상쾌한 향기","80,900원",4.8
Men,188,아이젠버그 땅따이숑 오 드 퍼퓸,아이젠버그,"쌀쌀한 날씨에 더욱 손이 가는, 달콤한 통카빈과 핑크페퍼의 균형 잡힌 포근함","47,400원",4.0
Men,189,아이젠버그 루즈 앤 느와르 오 드 퍼퓸,아이젠버그,새빨간 립스틱의 관능미와 느와르 식의 흑백이 자아내는 관능미,"47,400원",5.0
Men,190,크리드 그린 아이리쉬 트위드 50ml,크리드,농축시킨 레몬버베나 스킨으로 깔끔하게 마무리한 후 슈트를 걸친 클래식 향기,"305,000원",5.0
Men,191,딥디크 로데헤스페리데스 오 드 뚜왈렛 100ml,딥티크,"옅은 바람을 등지고 맡아지는 비터오렌지, 민트, 로즈마리의 프레시함이 마음을 톡톡 건드는 상쾌함","175,000원",5.0
Men,192,불리 오 트리쁠 그랑드 오달리스크 75ml,불리 1803,"남자의 체취가 가을 낙엽에 닿아 흐려진 듯, 스파이시한 인센스가 연출하는 시크한 관능미","185,000원",0.0
Men,193,아쿠아 디 파르마 오스만투스 오 드 퍼퓸 100ml,아쿠아 디 파르마,만개한 오스만투스 꽃을 가득 모아 살결에 가까운 비누로 정갈하게 만든 상큼함,"205,000원",4.8
Men,194,메모 오션 레더 오 드 퍼퓸 75ml,메모,"시원한 바닷바람을 타고 부서지는 시트러스와 얇은 종이를 바닷물에 풀어헤친듯, 가볍게 올라오는 우디","263,000원",0.0
Men,195,메종마르지엘라 재즈클럽,메종 마르지엘라,분위기 좋은 바에서 콕테일 한잔을 마시며 취해가는 럭셔리 향기,"80,900원",4.8
Men,196,메종마르지엘라 바이 더 파이어플레이스 100ml,메종 마르지엘라,"스위스 나무 별장, 모닥불 피워 놓은 자리에서 한 입 떠 먹는 바닐라 한 스푼","145,000원",4.8
Men,197,바이레도 슬로우 댄스 오 드 퍼퓸 100ml,바이레도,"달콤한 바닐라 코냑에 취해갈 때, 현실은 흐려지고 사랑은 더욱 짙어지는 로맨틱한 공간의 향기","255,750원",5.0
Men,198,킬리안 블랙팬텀 오 드 퍼퓸 50ml,킬리안,고독까지 섹시한 남자의 달콤한 럼 온더락 향기,"275,000원",4.9
Men,199,메모 러시안 레더 오 드 퍼퓸 75ml,메모,"퍼퓸그라피 여성 직원분들의 몰표를 받은, 한 마리의 늑대가 설산을 넘는 사이로 고요히 퍼지는 우디와 레더","263,000원",5.0
Men,200,크리드 오리지널 베티버 50ml,크리드,"호불호 없는 베티버, 맡기만 해도 마음이 평온해지는 산뜻한 녹색 비누 향기","310,000원",4.9
Men,201,누NOU 이클립스 오 드 뚜왈렛 50ml,누NOU,섬세한 남자의 스킨 향기가 상대방에게 무한한 신뢰감을 주는 지적인 미,"42,000원",0.0
Men,202,프레데릭 말 베티버 엑스트라오디네르 50ml,프레데릭말,뚝심있는 사람에게 날법한 순도높고 고급스러운 잔향의 베티버향수,"243,000원",5.0
Men,203,프레데릭 말 뮤스크 라바줴 50ml,프레데릭말,"거부할 수 없는 섹시함, 단 한사람을 위한 머스크 향기","213,000원",4.9
Men,204,프레데릭 말 로디베 50ml,프레데릭말,"보라빛 꽃 위를 살랑이는 흰 나비처럼, 헬리오트로프와 머스크가 연출하는 연약한 포근함","205,000원",0.0
Men,205,아쿠아 디 파르마 산달로 오 드 퍼퓸 100ml,,"맨하탄 증권가에서 일처리가 가장 뛰어난, 잘 차려입은 라벤더 스킨 내음의 이지적인 섹시함","190,000원",5.0
Men,206,존바바토스 닉 조나스 실버 오 드 뚜왈렛 75/125 ml,존바바토스,파츌리에 젖은 하얀 와이셔츠의 뽀송한 성숙함,"53,400원",4.6
Men,207,존바바토스 닉 조나스 블루 오 드 뚜왈렛 75/125ml,존바바토스,민트와 소냐기향이 가득한 숲속의 스킨내음,"48,800원",4.8
Men,208,존바바토스 다크레블 라이더 오 드 뚜왈렛 125ml,존바바토스,운동한 후의 체취같은 섹시한 잔향이 레더재킷의 안단과 어울린 포근한 향기,"57,800원",4.8
Men,209,케네스콜 맨카인드 오 드 뚜왈렛 100ml,케네스콜,달콤하고 분위기 있는 시더우드,"49,800원",5.0
Men,210,케네스콜 빈티지 블랙 오 드 뚜왈렛 100ml,케네스콜,시크하고 섹시한 남성의 유혹,"49,900원",4.7
Men,211,티에리 뮈글러 엔젤 오 드 퍼퓸 50ml,티에리 뮈글러,"유혹의 정석, 대담하게 유혹하는 달콤 아찔 플럼-바닐라","87,000원",4.8
Men,212,입생로랑 르옴므 오 드 뚜왈렛 60ml,입생로랑,밤색의 라떼처럼 포근하고 듬직한 입생로랑 대표 남자향수,"84,000원",4.9
Men,213,디올 소바쥬 60ml,디올,"시크, 섹시 모든 것을 다 갖춘 남성의 정점에서 느껴지는 아우라","90,000원",4.8
Men,214,아쿠아 디 파르마 시프레소 디 토스카나 150ml,,"이태리의 작은 숲, 신선한 사이프레스와 갈바넘이 연출하는 자연 치유적 향기","122,000원",3.0
Men,215,아이젠버그 러브어페어 옴므 30/50/100ml,아이젠버그,"비누거품처럼 노곤한 눈빛을 지닌, 훈훈하고 자상한 남자다움의 정석","65,200원",4.8
Men,216,아이젠버그 르페쉬에 옴므 30/50/100ml,아이젠버그,"혼자 잘생기고, 섹시하고 다 할 정도로 완급조절을 잘 하는 남자의 담백한 앰버 향기","85,000원",4.7
Men,217,세르주루텐 베티버 오리엔탈 오 드 퍼퓸 50ml,세르주루텐,"진지한 연인사이, 그 무르익어가는 깊이처럼 서로를 더욱 신뢰하게 하는 베티버 향기","174,500원",5.0
Men,218,세르주루텐 쉔느 (쉔) 오 드 퍼퓸 100ml,세르주루텐,4B 연필로 사각사각 채운 편지 위로 쏟아진 럼이 흑연과 섞여 내는 청량한 묵직함,"395,000원",5.0
Men,219,메종 마르지엘라 레플리카 소울 오브 더 포레스트 100ml,메종 마르지엘라,물안개가 가득한 피톤치드 숲속을 걸으며 씹어보는 블랙커런트의 선선한 향기,"175,000원",5.0
Men,220,메종 마르지엘라 레플리카 어크로스 샌드 100ml,메종 마르지엘라,한약방의 감초가 생각나는 마른사막 위에 펼쳐진 오리엔탈 서커스,"215,000원",0.0
Men,221,마크제이콥스 맨 오 드 뚜왈렛 125ml,마크제이콥스,자유분방한 보헤미안 느낌의 무화과향 남자향수,"94,800원",4.7
Men,222,디올 옴므 스포츠 오 드 뚜왈렛 75ml,디올,실리콘밸리의 창의적이면서도 칼같은 남자의 아우라가 느껴지는 상큼한 스킨 내음,"90,000원",4.7
Men,223,겔랑 베티버 오 드 뚜왈렛 100/200ml,겔랑,"대지의 와일드함을 그대로 흡수한 듯, 듬직해서 더 편안한 베티버 향기","68,000원",4.3
Men,224,불리 오 트리쁠 목수 성 요셉 75ml,불리 1803,일렁이는 바닐라와 히노끼의 편백향이 나무기둥 사이로 천천히 스며드는 소프트-우디 향,"185,000원",5.0
Men,225,바이레도 선데이즈드 오 드 퍼퓸 50/100ml,바이레도,설탕을 버무린 오렌지맛 코튼캔디가 석양에 스르르 녹는향기,"191,750원",4.6
Men,226,바이레도 로즈 오브 노 맨즈 랜드 오 드 퍼퓸 50ml,바이레도,"바이레도가 그린 선명한 로즈, 라즈베리 이슬이 차가운 장미를 녹이며 깨어나는 싱그런 향기","198,500원",5.0
Men,227,메종 마르지엘라 레플리카 플라잉 100ml,메종 마르지엘라,네롤리와 오렌지로 석양을 만든 잔잔한 비누향기,"175,000원",4.6
Men,228,메종 마르지엘라 뮤직 페스티벌 100ml,메종 마르지엘라,"우드 소극장, 희뿌연 먼지 사이를 뚫고 강렬하게 퍼지는 가죽끈의 열정적인 바이브","145,000원",4.9
Men,229,퍼퓸드말리 고돌핀 75/125ml,퍼퓸 드 말리,습기 찬 장작에 불을 붙인 그을음에 레더와 샤프란을 태우는 듯한 향기,"198,000원",5.0
Women,0,조말론 포피 앤 바알리 코롱,조말론,"보리수의 달콤함 위로 블랙커런트 이슬이 스며드는 양귀비, 한 폭의 낭만을 완성짓는 향기","83,800원",4.9
Women,1,몽클레르 뿌르 옴므 오 드 퍼퓸,몽클레르,"사이프러스의 시원한 상록수잎과 시더우드가 만나 퍼지는, 겨울 한기를 품은 자연의 향기","110,000원",0.0
Women,2,메종 마르지엘라 스프링타임 인 어 파크,메종 마르지엘라,풍성하게 핀 하얀 꽃나무 아래서 가까워진 봄을 알아차리게 하는 향기,"80,900원",5.0
Women,3,딥디크 오카피탈 오 드 퍼퓸 75ml,딥티크,"가시돋힌 장미의 줄기를 타고 흘러내리는 파츌리, 장미의 이면을 드러낸 독보적인 분위기의 향","191,800원",5.0
Women,4,프레드릭엠 오베드상 오 드 퍼퓸 75ml,프레드릭엠,살갗의 가장 여린 속살을 떠올리게 하는 야릇한 포근함,"56,000원",4.7
Women,5,조말론 피오니 앤 블러쉬 스웨이드 코롱,조말론,사과처럼 빨간 작약이 스웨이드와 연출하는 부드러운 여성미,"83,800원",4.8
Women,6,조말론 잉글리쉬 페어 앤 프리지아 코롱,조말론,"조말론 여자향수 베스트, 부드럽고 우아한 느낌의 프리지아 향기","87,800원",4.8
Women,7,조말론 프랑지파니 플라워 코롱 30ml,조말론,봄바람을 탄 프랑지파니 꽃잎이 천천히 유영하듯 흐르는 하얀 아름다움,"87,800원",4.8
Women,8,조말론 허니서클 앤 다바나 코롱,조말론,연노랑빛 쉬폰 드레스 자락처럼 마음을 살랑살랑 간질일 것 같은 다바나 향기,"87,800원",5.0
Women,9,조말론 다크 앰버 앤 진저 릴리 코롱 인텐스,조말론,"성별 무관, 시간을 느리게 흐르게 만드는 몽환적인 달콤함","185,000원",4.7
Women,10,구찌 알케미스트 가든 어 송 포 더 로즈 오 드 퍼퓸,구찌,가장 순도 높은 불가리안 로즈 워터에서 느낄 수 있는 구찌 하우스의 품격,"360,000원",5.0
Women,11,더 디퍼런트 컴퍼니 퓨어이브,더 디퍼런트 컴퍼니,석양의 온기를 닮은 아늑하고 포근한 파우더함과 바닐라향이 어울린 아늑함,"160,000원",4.9
Women,12,반클리프 앤 아펠 네롤리 아마라 오 드 퍼퓸,반클리프 앤 아펠,"티 없는 가을 하늘의 청량한 달콤함이 나리는, 네롤리와 잔잔한 우디가 선사하는 산뜻함","187,000원",5.0
Women,13,랄프로렌 로맨스 오 드 퍼퓸 30/50/100ml,랄프로렌,같은 행동도 뭔가 더 아름답고 예쁘게 만드는 선명한 로맨틱함,"63,500원",4.9
Women,14,샤넬 가브리엘 오 드 퍼퓸 50ml,샤넬,"샤넬신상, 넘버5에서 클래식함을 제거하고 더 트렌디하게 바꾼 화이트플로럴 향수","133,500원",4.8
Women,15,샤넬 샹스 오 비브 오 드 뚜왈렛 50ml,샤넬,샤워거품 같은 청아한 재스민과 오렌지플라워,"121,500원",5.0
Women,16,샤넬 샹스 오 땅드르 오 드 뚜왈렛 50ml,샤넬,아나운서 느낌의 화사한 듯 단정한 여인의 향기,"121,500원",5.0
Women,17,샤넬 샹스 오 땅드르 오 드 빠르펭 NEW 50/100ml,샤넬,"19년 샤넬신상, 달콤하고 기분좋은 여성스러운 플로럴의 군더더기 없는 아름다움","139,500원",4.8
Women,18,샤넬 가브리엘 에쌍스 오 드 빠르펭 50/100ml,샤넬,"샤넬신상, 넘버5에서 클래식함을 제거하고 더 트렌디하게 바꾼 화이트플로럴 향수","139,500원",4.9
Women,19,샤넬 레조 드 파리 리비에라 오 드 뚜왈렛 50/125ml,샤넬,여성스러움과 깨발랄함을 동시에 갖고 있는 섬세한 오렌지블로썸,"124,000원",4.9
Women,20,불가리 쁘띠마망 오 드 뚜왈렛,불가리,"아이와 엄마가 그려지는 귀엽고 포근한, 사랑스러움을 담은 베이비 파우더 향기","65,000원",0.0
Women,21,샤넬 No.5 로 (넘버5) LEAU 오 드 뚜왈렛 35/50/60ml,샤넬,"샤넬의 신상, 가장 산뜻하고 은은한 향기","111,500원",4.8
Women,22,샤넬 레조 드 파리 베니스 오 드 뚜왈렛 50ml,샤넬,베이지톤의 깔끔한 복장이 생각나는 우아하고 담백한 여자향수의 극강,"124,000원",4.5
Women,23,샤넬 코코 마드모아젤 우먼 오 드 퍼퓸 35/50ml,샤넬,자꾸 뒤돌아보게 되는 깊고 성숙한 달콤함,"102,500원",4.9
Women,24,샤넬 No.5 (넘버5) 오 드 퍼퓸 35/50ml,샤넬,"샤넬의 영원한 대표작, 샤넬 넘버5","102,500원",4.8
Women,25,샤넬 샹스 오 드 퍼퓸 35/50ml,샤넬,신뢰를 줄 수 있는 전문적인 느낌의 여자향수,"102,500원",4.3
Women,26,샤넬 샹스 오 드 퍼퓸,샤넬,"신뢰감이 묻어나는 우아한 황후의 향기, 샤넬 샹스","220,000원",4.3
Women,27,샤넬 No.5 (넘버5) 오 드 퍼퓸,샤넬,"그녀의 향기에는 이유가 있다. 코코 샤넬의 페르소나, 샤넬 넘버5","220,000원",4.8
Women,28,샤넬 코코 마드모아젤 우먼 오 드 퍼퓸,샤넬,"성숙한 여성의 농밀한 향기, 샤넬 코코 마드모아젤","220,000원",4.9
Women,29,톰포드 만다리노 디 아말피 오 드 퍼퓸,톰포드,아말피산 만다린이 지중해 파도 거품으로 녹아드는 순간을 담은 싱그러움,"295,000원",0.0
Women,30,구찌 블룸 오 드 퍼퓸,구찌,"구찌 여성 베스트셀러, 패키지만으로도 두근거리는 사계절 튜베로즈 향기","80,000원",4.8
Women,31,미우미우 오 드 퍼퓸,미우미우,하늘의 구름을 따서 하얀 컨버스화로 만든 것 같은 캐쥬얼한 부드러움,"140,000원",4.8
Women,32,로에베 001 우먼 오 드 뚜왈렛 30/50ml,로에베,"로에베 특유의 서정적 우디 내음이 잘 표현된, 바닐라-코코넛의 분분한 낙화의 향기","72,000원",4.8
Women,33,세르주루텐 라 휘드 베흘랑 오 드 퍼퓸,세르주루텐,"고혹적으로 부서지는 붉은 장미, 세르주루텐 특유의 서늘한 감성이 녹아난 베스트셀러","130,000원",4.8
Women,34,데렉 램 10 크로스비 드렁크 온 유스 오 드 퍼퓸 10/50/100ml,데렉 램 10 크로스비,사과샴푸향을 풍기며 뛰어가는 대학교2학년의 근처에서 날법한 산뜻한 향기,"33,300원",4.8
Women,35,산타마리아노벨라 프리지아 오 드 코롱 100ml,산타마리아노벨라,새하얀 수건을 개어놓은 듯한 고혹적인 비누향기,"152,000원",4.8
Women,36,메종 마르지엘라 마차 메디테이션,메종 마르지엘라,"동양적인 무드의 말차라떼, 그 달콤함이 오렌지 플라워에 차분히 스미는 정갈함","80,900원",5.0
Women,37,나르시소 로드리게즈 플레르 머스크 포허 30/50/100ml,나르시소 로드리게즈,디올 블루밍부케와 유사하면서 조금 더 따뜻하게 달콤하고 은근하게 섹시함,"51,500원",4.8
Women,38,르페르소나 LP01 미스틱 로즈 오 드 퍼퓸,르페르소나,"사랑하는 이의 달콤한 말을 닮은 피오니와 장미, 손이 스치는 순간의 페퍼, 서로의 눈속에 마주한 부드러운 우디","104,000원",5.0
Women,39,르페르소나 LP02 피콕 페더 오 드 퍼퓸,르페르소나,"바닷가 선베드에 누워 만끽하는 여름휴가, 타오르는 햇빛 사이로 산뜻하게 퍼지는 라임과 코코넛","104,000원",5.0
Women,40,르페르소나 LP04 골든 젬 오 드 퍼퓸,르페르소나,"잊을 수 없는 무도회의 한 장면, 달콤한 바닐라와 무화과가 깊은 인상을 남기고 유유히 사라지는 순간의 향기","104,000원",4.0
Women,41,르페르소나 LP03 우든 페이스 오 드 퍼퓸,르페르소나,"거칠고 각진 나무토막의 표면을 매끄럽고 둥글게 조각하듯, 마음까지 감싸 안아주는 산뜻하고 편안한 나무냄새","104,000원",4.5
Women,42,톰포드 로스트 체리 오 드 퍼퓸,톰포드,"몸을 한껏 달아오르게 하는 통카빈과 대단히 뇌쇄적인 체리, 이 밤을 더욱 길고 짙게 만드는 유혹","365,000원",5.0
Women,43,산타마리아노벨라 프리지아 50ml,산타마리아노벨라,새하얀 수건을 개어놓은 듯한 고혹적인 비누향기,"103,500원",4.8
Women,44,산타마리아노벨라 엔젤 디 피렌체 오 드 코롱 50/100ml,산타마리아노벨라,상큼달콤한 복숭아와 재스민이 어울린 비누계열의 시트러스 향취,"103,000원",4.9
Women,45,나르시소 로드리게즈 포허 오 드 뚜왈렛 30/50/100ml,나르시소 로드리게즈,단아한 오스만투스와 성숙한 머스크가 동시에 어울린 살결같은 향기,"44,800원",4.8
Women,46,나르시소 로드리게즈 엉브레 오 드 퍼퓸 30/50/90ml,나르시소 로드리게즈,"부족할 땐 채워주고, 넘칠 땐 닦아주는 배려심 깊은 프랑지파니 - 바닐라","63,000원",5.0
Women,47,프라다 라팜므 로 오 드 뚜왈렛 35/50/100ml,프라다,"환하게 웃는 얼굴 위 드리워진, 청초한 푸루메리아와 일랑일랑","85,000원",4.8
Women,48,미우미우 로블루 오 드 퍼퓸,미우미우,청량한 하늘의 푸르름을 담은 이슬먹은 은방울꽃,"140,000원",4.5
Women,49,프라다 레스 인퓨전 디 로즈 오 드 퍼퓸 100/200ml,프라다,"다우니의 장미 섬유 유연제 같은, 정말 은은한 로즈","184,000원",4.8
Women,50,프라고나르 벨 드 뉘 50/60ml,프라고나르,"가드니아와 붓꽃이 어울린 단정함 , 디올 쟈도르보다 조금 더 차분한 아름다움","96,000원",5.0
Women,51,아쿠아 디 파르마 벚꽃 오 드 퍼퓸 100ml,아쿠아 디 파르마,"달지 않게 달콤한 벚꽃, 그 한 송이의 잔잔함을 닮은 데일리","220,000원",4.8
Women,52,아쿠아 디 파르마 피오니아 노빌레 오 드 퍼퓸,아쿠아 디 파르마,"첫사랑도 잊게 만들 정도로, 보면 볼수록 더 예뻐 보이는 피오니 향기","130,000원",5.0
Women,53,메종 마르지엘라 뮤티니 오 드 퍼퓸 50ml,메종 마르지엘라,"마르지엘라의 감각적 고급스러움, 지는 석양을 내리쬐는 튜베로즈와 캐시미어 우드의 조화","130,000원",0.0
Women,54,세르주루텐 페미니떼드부아 오 드 퍼퓸,세르주루텐,"세르주루텐의 첫 작품, 오리엔탈 계열의 삼나무와 클로브가 묘사하는 관능적인 여성성의 끝","174,500원",4.3
Women,55,세르주루텐 튜베로즈 크리미넬 오 드 퍼퓸,세르주루텐,"달빛처럼 유려하게 흐르는 곡선, 튜베로즈의 본질에 가장 가깝게 마주한 순연의 향기","395,000원",0.0
Women,56,바이레도 선데이 코롱 오 드 퍼퓸,바이레도,"센트럴파크 화단에 핀 제라늄과 베티버, 그 사이를 톡톡히 적시는 푸른 봄비의 베르가못","197,000원",5.0
Women,57,바이레도 일레븐스 아워 오 드 퍼퓸,,"바이레도 한정판, 신비한 향신료와 술의 달큰함이 끼쳐오는 이국적인 오리엔탈풍 향기","197,000원",0.0
Women,58,돌체 앤 가바나 앤쏠로지 3 램프하트리스 50/100ml,돌체앤가바나,"남자들이 꼭 물어본다는 전설의 향수, 넥타린의 부드러운 달콤함","58,500원",4.6
Women,59,프로소디 런던 리솜 린든 오 드 퍼퓸 50ml,프로소디 런던,호수에 뛰어든 멜론의 달콤함이 연두빛 물안개를 피워내는 상큼함,"134,000원",5.0
Women,60,조말론 와일드 블루벨 코롱,조말론,연보랏빛 샴푸 향기가 주변을 같은 색으로 은은하게 물들이는 아름다움,"81,800원",4.8
Women,61,톰포드 베네시안 베르가못 오 드 퍼퓸,톰포드,"고급스러운 스웨이드 질감의 앰버가 야경으로 깔린 밤, 지적인 가드니아와 베르가못이 연출하는 도시의 밤 향기","305,000원",0.0
Women,62,딥디크 로드네롤리 오 드 뚜왈렛 100ml,딥티크,밝은 햇살을 머금은 비터 오렌지가 싱그럽게 흔들리는 네롤리의 푸른 잎사귀에 스며드는 순간,"175,000원",5.0
Women,63,아쿠아 디 파르마 로사 노빌레 오 드 퍼퓸,아쿠아 디 파르마,흩날리는 머릿결에서 날 법한 생화 장미와 피오니의 아름드리 예쁜 향기,"128,000원",4.9
Women,64,끌로에 로즈 탠저린 오 드 뚜왈렛 30/50ml,끌로에,"블랙커런트와 탠저린의 달콤한 경쾌함에, 하루종일 기분 좋아지는 싱그러운 플로럴","75,000원",5.0
Women,65,디올 어딕트 오 프레쉬 오 드 뚜왈렛,디올,봄날의 첫사랑을 닮은 경쾌하고 여리여리한 시트러스 플로럴,"124,000원",4.9
Women,66,불리 오 트리쁠 포레드 코미 75ml,불리 1803,"겨울 끝무렵, 한기가 닿은 쌉싸래한 풀내음이 가득 담긴 숲의 향기","170,000원",0.0
Women,67,불리 오 트리플 멕시크 튜베로즈 75ml,불리 1803,단언컨대 가장 유려하게 흐르는 튜베로즈가 여인의 부드러운 등을 연상시키는 향기,"170,000원",4.9
Women,68,메모 케두 오드퍼퓸 75ml,메모,노곤하고 따뜻한 들깨가루 오일의 깊고 에센셜한 향기,"263,000원",5.0
Women,69,더 디퍼런트 컴퍼니 수블림 발키스 오 드 퍼퓸,더 디퍼런트 컴퍼니,비오는날 정원의 흙바닥에서 고고하게 있는 생장미와 블랙커런트의 향기,"168,000원",4.6
Women,70,메모 오리엔탈 레더 오 드 퍼퓸 75ml,메모,"라벤더 빛 물안개, 흔들리는 바람에 피어난 장미 뒤로 밤하늘을 가득 수놓는 파츌리의 수수한 내음","263,000원",5.0
Women,71,불리 오 트리쁠 베르켄 오렌지 블라썸 75ml,불리 1803,"갓 따낸 오렌지 나무 잎사귀에 레몬즙을 뿌린듯, 무더운 여름날 단비 같이 싱그런 오렌지 꽃망울","170,000원",0.0
Women,72,오리베 데저트랜드 오 드 퍼퓸 75ml,오리베,"소나무의 청량함이 건조하게 피어나는 곳, 사막. 그 담담함에 대한 향기","128,870원",0.0
Women,73,오리베 밸리 오브 플라워스 오 드 퍼퓸 75ml,오리베,"꽃이 만개한 5월, 따사로운 햇빛 속 로즈, 피오니, 바이올렛이 풍성하게 어울리는 향기","128,870원",0.0
Women,74,오리베 코트 다쥐르 오 드 퍼퓸 75ml,오리베,"청량한 레몬이 시클라멘 꽃 위에 누워 파도를 타듯, 일렁이는 햇살 속에 젖어드는 낭만의 향기","128,870원",4.5
Women,75,세르주루텐 라 를르지외즈 오 드 퍼퓸,세르주루텐,"검은 고양이가 하얀 자스민 꽃잎에 쉬다 간 자리, 진하게 남는 다크 머스크의 긴 여운","174,500원",5.0
Women,76,킬리안 불레이 부 쿠셔 아베끄 모아 (나랑잘래) 오 드 퍼퓸 50ml,킬리안,"침대 위의 연인, 서로를 포근하게 끌어안은 온기만큼 몽글하게 퍼지는 화이트 플로럴-머스크","265,000원",5.0
Women,77,킬리안 문라이트 인 헤븐 오 드 퍼퓸 50ml,킬리안,"파랗게 물든 저녁 하늘, 그대와 맞잡은 두 손이 저릿한 설렘을 일으키는 트로피컬 향기","285,000원",4.9
Women,78,킬리안 롤링 인 러브 오 드 퍼퓸 50ml,킬리안,글라스 볼에 올려진 바닐라 아이스크림 한 스쿱과 그 위를 천천히 녹이는 따스한 아몬드 밀크,"265,000원",5.0
Women,79,톰포드 블랙 오키드 오 드 퍼퓸 50ml,톰포드,"톰포드 베스트셀러, 럼에 담긴 플럼의 다크한 보랏빛이 연출하는 퇴폐적인 관능미","160,000원",4.9
Women,80,톰포드 로즈프릭 오 드 퍼퓸 50ml,톰포드,"장미의 이중성, 퇴폐미와 외로움을 그린 향기","305,000원",5.0
Women,81,불가리 오 파퓨메 오떼블랑 오드 코롱,불가리,"고요한 새벽안개 길의 끝에서 이슬과 함께 느껴질 법한 화이트 티의 정수, 깨끗함의 정점","119,000원",4.5
Women,82,에르메스 운 자르뎅 아프레 라 무쏭 오 드 뚜왈렛,에르메스,"갑자기 내린 여우비에, 촉촉한 꽃내음과 물내음 섞인 메론향기가 피어났던 한적한 프랑스 정원","145,000원",0.0
Women,83,프레데릭 말 윈로즈 30ml,프레데릭말,"야생화 기운을 받은 로즈, 그 치명적인 매력의 생장미 향기","195,000원",4.7
Women,84,프레데릭 말 엉빠썽 50ml,프레데릭말,맑은 이슬을 머금은 라일락 생화 꽃 향기,"224,500원",4.7
Women,85,프라다 캔디 플로럴 오 드 뚜왈렛 30/50/80ml,프라다,"딸기 칵테일에 사뿐히 올라간 꽃잎처럼, 부드럽게 연출하는 섹시함","88,000원",4.8
Women,86,조말론 잉글리쉬 페어 앤 프리지아 바디 앤 핸드 로션 250ml,조말론,조말론 베스트셀러 '잉글리쉬 페어 앤 프리지아' 를 원하는 곳에 바를 수 있는 바디 & 핸드 로션,"70,000원",0.0
Women,87,랄프로렌 폴로 랄프 우먼 오 드 뚜왈렛 30/50ml,랄프로렌,"랄프로렌 여자향수 베스트, 뭐 뿌렸는지 꼭 물어보는 향수","47,200원",4.7
Women,88,구찌 알케미스트 가든 문라이트 세레나데 오 드 퍼퓸 150ml,구찌,"시원한 라벤더 바람과 함께 내 귓등을 타고 흐르는 청량함, 세이지와 라벤더의 여름날 향기","289,000원",0.0
Women,89,펜할리곤스 베스트셀러 디스커버리 세트,펜할리곤스,펜할리곤스 베스트 & 스테디셀러 10종으로 구성된 디스커버리 패키지,"49,000원",5.0
Women,90,구딸파리 로즈폼퐁 오 드 퍼퓸,아닉구딸,붉은 입술과 흑발의 탕웨이가 전하는 고급스러운 미소,"108,000원",5.0
Women,91,에르메스 트윌리 데르메스 오 프와브레 오 드 퍼퓸,에르메스,"트윌리 라인 중 가장 가벼운 산뜻함을 가져, 부드러우면서도 분명히 각인되는 옅은 로즈와 비누 향기","98,000원",0.0
Women,92,오리베 프래그런스 디스커버리 세트,오리베,"청량하게 부서지는 넓은 확산력, 오리베를 경험하기 좋은 3종 디스커버리 세트","29,700원",5.0
Women,93,샤보 이노센트 프라질리테 오 드 퍼퓸 30ml,샤보,"꽃비누로 깨끗히 씻은 후, 수건만 가볍게 두르고 나온 듯한 순수+관능미","117,500원",4.3
Women,94,샤보 에뜨왈 드 룬 오 드 퍼퓸 30ml,샤보,햇살을 잘게 부순듯한 파우더에서 날것 같은 오렌지블로썸의 나긋한 향기,"101,300원",0.0
Women,95,입생로랑 리브르 오 드 퍼퓸,입생로랑,"따뜻한 라벤더의 포근함 속, 힘있게 남는 오렌지블라썸 커리어우먼","82,000원",4.8
Women,96,구찌 알케미스트 가든 윈터스 스프링 오 드 퍼퓸 100ml,구찌,미모사와 아카시아 꽃을 가볍게 띄워놓은 미온수로 부드럽게 목욕한 후 살에 남은 잔향,"395,000원",0.0
Women,97,살바도르 달리 달리라이트,살바도르 달리,사과를 머금은 백합샴푸 향을 은은하게 풍기는 데일리 향수,"23,800원",4.8
Women,98,살바도르 달리 오드루비립스,살바도르 달리,포도와 파인애플을 갈아 얼음 위로 사각 부어놓은 데일리향수,"23,800원",4.7
Women,99,구찌 알케미스트 가든 어 윈터 멜로디 사이프러스 센티드 워터 150ml,구찌,"서늘한 겨울 공기가 하얀 입김으로 되돌아가는 풍경, 그곳을 에워싸는 눈 덮인 초겨울의 숲 향기","289,000원",5.0
Women,100,아틀리에 코롱 클레망틴 캘리포니아 30ml,아틀리에 코롱,"소다 밀키스를 마시는 상큼함, 아틀리에의 베스트셀러","72,000원",4.8
Women,101,구찌 블룸 프로푸모 디 피오리 오 드 퍼퓸 50ml,구찌,구찌의 아이코닉한 블룸 감성을 더 잔잔하게 풀어낸 튜베로즈 향기,"107,000원",4.8
Women,102,에트로 라자스탄 오 드 퍼퓸 100ml,에트로,"자유를 찾아 유랑하는 집시,보헤미안 스타일의 묵직한 앰버와 미모사 그리고 머스크의 폭닥한 향기","135,200원",0.0
Women,103,에트로 비콜로피오리 오 드 뚜왈렛 50/100ml,에트로,고급스런 모던함의 벨 플라워가 상대방을 휘감는 매력,"83,200원",4.0
Women,104,에트로 우다이푸르 오 드 퍼퓸 100ml,에트로,"레몬을 적신 고운 점토 비누로 샤워를 마친 후, 수건을 덮은 부드러움","166,000원",5.0
Women,105,에트로 샨텅 오 드 퍼퓸 100ml,에트로,얇은 피오니 꽃잎이 블랙커런트와 연출하는 담백한 관능미,"135,000원",5.0
Women,106,에트로 비아베리 오 드 뚜왈렛 100ml,에트로,"에트로 베스트셀러, 씻고 나온 라벤더 비누향이 설렘 가득히 사이프러스 숲을 감싸안는 순간","118,000원",4.8
Women,107,구찌 길티블랙 우먼 오 드 뚜왈렛,구찌,"라즈베리와 파츌리의 은은한 모던함이, 퇴근길을 서두르는 그녀가 지나는 길에 잔잔한 흔적을 그리는 향기","97,000원",4.5
Women,108,에르메스 오 도랑쥬 베르트 오 드 코롱,에르메스,"나른함 가득한 늦은 오후, 커튼 사이로 들어오는 햇살을 타고 흐르는 오렌지와 레몬의 상큼함","105,000원",0.0
Women,109,에르메스 오 드 시트론 느와 오 드 코롱,에르메스,"에르메스식 남성의 관능미, 아슬아슬한 경게 사이를 넘나드는 시트러스 - 스모키의 정석","105,000원",5.0
Women,110,몽클레르 뿌르 팜므 오 드 퍼퓸,몽클레르,"포근함이 느껴지는 함박눈 위로, 달콤한 바날리색 연유 라떼가 가볍게 녹아들며 남기는 자취","110,000원",5.0
Women,111,버버리 런던 우먼 오 드 퍼퓸,버버리,졸업반에 찾아온 긴생머리의 선배님이 풍길법한 우아한 허니써클 향기,"43,000원",4.8
Women,112,글로시에 글로시에 유 오 드 퍼퓸 50ml,글로시에,"살결인지, 살결에 스친 꽃잎인지 헷갈리게 만드는 묘한 순수함","89,000원",4.8
Women,113,빅터앤롤프 플라워밤 넥타린 오 드 퍼퓸 50ml,빅터앤롤프,"서양에서 정말 인기있는 플라워밤의 신작, 핑크 부케에 화사하게 드레싱된 꿀 향기","128,000원",4.7
Women,114,나소마토 실버 머스크 엑스트레 퍼퓸 30ml,나소마토,"하얀 눈의 결정체가 손바닥 위에서 녹는 듯, 극도로 투명한 목화꽃의 깨끗함","245,500원",0.0
Women,115,바스틸 플레르 룬 오 드 퍼퓸 50ml,바스틸,"달빛이 투영된 튜베로즈, 그 서정적이고 아린 보라빛 감성의 향기","165,500원",0.0
Women,116,퍼퓸드말리 사파나드 75ml,퍼퓸 드 말리,석양의 차분함을 닮은 오렌지 블라썸에 차분하게 녹아드는 일랑일랑과 바닐라,"298,000원",0.0
Women,117,프라고나르 로즈 드 메이 오 드 뚜왈렛 100/200ml,프라고나르,"매일 쓰는 장미수 토너처럼, 투명하게 젖어가는 로즈의 청초함","71,500원",4.6
Women,118,프라고나르 꾀르 드 솔레이 오 드 퍼퓸 50/100ml,프라고나르,"햇빛에 반사된 블랙커런트가 사방으로 반짝이며, 프리지아와 연출하는 황홀함 그 자체","77,000원",4.8
Women,119,프라고나르 벨 쉐리 30/50/60ml,프라고나르,듬뿍 담긴 따스한 사랑에 달궈진 스타후르츠의 달콤함,"88,000원",5.0
Women,120,프라고나르 벨 드 그라스 오 드 뚜왈렛 100ml,프라고나르,"바이올렛,라일락의 보라빛 향연에서 헬리오트로프가 감싸안는 따스함","80,000원",4.4
Women,121,프라고나르 일다무르 퍼퓸 30/60ml,프라고나르,"바다의 솔티함이 배인 화이트 플로럴의 청초함이, 거칠던 파도도 잠재우는 나긋한 향기","88,000원",0.0
Women,122,프라고나르 디아망 30/50/60ml,프라고나르,"수수한 자스민과 관능의 바닐라 크림, 그 사이 간극을 채우는 달콤한 매력의 향기","88,000원",3.0
Women,123,장 폴 고티에 클래식 오 드 뚜왈렛 30/50/100ml,장 폴 고티에,달콤하게 내쉬는 숨결마저 유혹적일 것 같은 오리엔털 계열의 관능적인 향수,"68,000원",4.5
Women,124,장 폴 고티에 스캔들 오 드 퍼퓸 30/50/80ml,장 폴 고티에,파티 한가운데의 주인공 같은 달콤하고 센슈얼한 부드러움,"72,000원",4.7
Women,125,쥬시꾸뛰르 위 오 드 퍼퓸 100ml,쥬시꾸뛰르,상큼달콤함 과즙과 끌로에의 모던함이 어우러진 쥬시꾸뛰르의 새로운 신상향수,"91,600원",4.5
Women,126,크리드 플뢰르 드 가드니아 오 드 퍼퓸 75ml,크리드,가드니아와 라벤더가 잔뜩 핀 고동나무 아래에서 깊은 숨을 고르는 듯한 몽환적 향기,"363,000원",4.7
Women,127,클린 클래식 웜코튼 오 드 퍼퓸 30/60ml,클린 리저브,전방 100m 밖까지 닿는 새하안 비누 향기에 마음까지 산뜻해지는 깨끗한 향기,"38,000원",4.8
Women,128,트루사르디 - 르비드 밀라노 비아 델라 스피가 오 드 퍼퓸 100ml,트루사르디 르비드 밀라노,애플과 허니크림의 럭셔리하고 귀족적인 부드러움,"238,000원",5.0
Women,129,트루사르디 - 르비드 밀라노 갤러리아 비토리오 에마누엘레 2세 오 드 퍼퓸 100ml,트루사르디 르비드 밀라노,자신감 넘치는 관능미의 바닐라 모카향기,"238,000원",5.0
Women,130,트루사르디 - 르비드 밀라노 포르타 누오바 오 드 퍼퓸 100ml,트루사르디 르비드 밀라노,편안한 사랑을 하고싶은 아이보리 비누거품 향기,"238,000원",4.6
Women,131,트루사르디 돈나 오 드 퍼퓸 30/50/100ml,트루사르디 르비드 밀라노,"오렌지 블라썸이 상큼하게 터지고 남은 자리, 여전히 느껴지는 그날의 아름다움","40,000원",5.0
Women,132,트루사르디 페미닌 오 드 퍼퓸,트루사르디 르비드 밀라노,"연보라색 꽃들 사이 은연 중에 맡아지는 벨벳 질감의 스웨이드, 그 포근한 고급스러움","52,000원",0.0
Women,133,퍼퓸 드 말리 델리나 75ml,퍼퓸 드 말리,엄친딸 포스 나는 예쁘고 달콤한 리치 바닐라와 피오니의 사기적인 향기,"310,000원",4.8
Women,134,퍼퓸드말리 아탈리아 75ml,퍼퓸 드 말리,촉촉한 아이리스에 포근한 머스크의 귀족같은 차분함,"338,000원",5.0
Women,135,퍼퓸드말리 달시 오 드 퍼퓸 75ml,퍼퓸 드 말리,"퍼퓸드말리 여성향수, 달시","310,000원",0.0
Women,136,퍼퓸 드 말리 멜리오라 75ml,퍼퓸 드 말리,로제 와인을 부딪히는 순간 스파클링하게 떠오르는 연보라빛 은하수,"358,000원",5.0
Women,137,아이젠버그 조즈 우먼 30/50/100ml,아이젠버그,"톰포드 블랙오키드의 여름 버전처럼, 자신만의 개성과 분위기가 뚜렷한 여자","65,200원",4.7
Women,138,아이젠버그 디아볼리끄 우먼 30/50/100ml,아이젠버그,날카롭지만 깊고 스모키한 눈빛을 닮은 그을린 베티버와 샌달우드 향기,"65,200원",4.5
Women,139,아이젠버그 르페쉬에 우먼 30/50/100ml,아이젠버그,"살짝 트인 스커트 사이로 드러난 살결처럼, 과하지 않게 부드러운 섹시함과 센슈얼의 중간","65,200원",4.4
Women,140,아이젠버그 오프레쉬 우먼 30/50/100ml,아이젠버그,"라벤더의 선선함을 따라 이끌려간 곳, 아로마틱한 여운이 길게 남는 향기","65,200원",4.9
Women,141,아이젠버그 아이엠 우먼 30/50/100ml,아이젠버그,"투명한 누드 립, 약간 벌어진 입술 사이가 만드는 뇌쇄적인 아름다움","65,200원",4.7
Women,142,아틀리에 코롱 포멜로 파라디 30ml,아틀리에 코롱,생 자몽 하나를 그대로 갈아낸 듯한 싱싱함,"72,000원",4.7
Women,143,아닉구딸 엉 마뗑 도하쥬 100ml,아닉구딸,비 맞은 가드니아가 잔뜩 피어있는 정원을 걷고 있는 은은한 향기,"124,000원",4.6
Women,144,구딸파리 르 쉐브르페이유 오 드 뚜왈렛 100ml,아닉구딸,"크리넥스 티슈향으로 유명한, 들판의 수선화와 풀꽃들의 음율같은 청아하고 순수한 향기","145,000원",4.5
Women,145,세르주루텐 다튜라느와 오 드 퍼퓸,세르주루텐,"깊은 상처까지 감싸 안아줄 것 같은, 헬리오트로프와 튜베로즈의 안락한 편안함","174,500원",5.0
Women,146,세르주루텐 플뢰르 도랑제 오 드 퍼퓸,세르주루텐,무르익은 튜베로즈 꽃망울이 터지며 달콤한 허니 디저트 위로 사뿐히 내려앉는 섬세함,"174,500원",5.0
Women,147,분더샵 인피니트 썬 오 드 퍼퓸 50ml,분더샵,"태양을 보며 활짝 피는 은방울꽃에, 미처 털어내지 못한 흙 한 줌이 어울린 향기","103,500원",5.0
Women,148,발렌시아가 플로라 보타니카 오 드 퍼퓸 30/50/100ml,발렌시아가,서늘함을 품고 나타난 로즈와 카네이션의 시크한 여성스러움,"78,000원",4.8
Women,149,빅토리아 시크릿 저스트 어 키스 오 드 퍼퓸 50ml,빅토리아시크릿,"볼 위 가벼운 입맞춤을 부를 정도로, 피오니와 과일을 아낌없이 부어 완성한 사랑스러움","75,000원",0.0
Women,150,빅터앤롤프 플라워밤 오 드 퍼퓸 30/50/100ml,빅터앤롤프,롤케익 처럼 부드럽고 달콤한 블랙베리의 발랄한 섹시미,"71,300원",4.8
Women,151,빅터앤롤프 플라워밤 듀 오 드 퍼퓸 30/50/100ml,빅터앤롤프,"티 안나게 예쁘다, 분위기 자체 끝판왕을 만들어버리는 청초함","71,300원",5.0
Women,152,빅터앤롤프 봉봉 오 드 퍼퓸 30/50/90ml,빅터앤롤프,"오늘따라 더 사랑스럽네, 망고와 재스민 아이스크림의 달콤한 조화","71,300원",5.0
Women,153,불리 오 트리쁠 알 카시르 75ml,불리 1803,"살짝 힘을 뺀 바닐라와 고소한 샌달우드, 느슨한 듯 여유로운 우디 내음","170,000원",0.0
Women,154,르라보 로즈 31 오 드 퍼퓸 50/100ml,르라보,마른 장미잎과 오우드가 어우러진 중성적인 향수,"210,000원",4.9
Women,155,롤리타렘피카 우먼 오 드 퍼퓸,롤리타렘피카,10년동안 스테디셀러를 지킨 포근하고 여성스러운 미모사 - 아몬드 향기,"45,000원",4.6
Women,156,롤리타 렘피카 몽 오 드 퍼퓸 50ml,롤리타렘피카,파우더리함은 낮추고 베리의 싱그러움을 살린 - 롤리타렘피카의 데일리룩,"57,000원",4.7
Women,157,로이비 베르가못 앤 화이트로즈 오 드 퍼퓸 50ml,로이비,"쁘띠쉐리를 차분하게 닮은, 아삭한 배와 로즈가 얽혀 연출하는 차분한 조화","98,100원",4.0
Women,158,로이비 로터스 앤 인센스 오 드 퍼퓸 50ml,로이비,"로이비의 중성 향수 베스트셀러, 푸르스름한 안개비를 들이마신 연꽃의 향기","98,100원",5.0
Women,159,로이비 만다린 앤 샌달우드 오 드 퍼퓸 50ml,로이비,"마음 한 켠에 쌓아둔 유년시절, 그 시기를 닮은 민트 잎의 옅은 풀물과 자몽의 쌉싸름함","98,100원",5.0
Women,160,로이비 피오니 앤 화이트 머스크 오 드 퍼퓸 50ml,로이비,"로이비의 여성 향수 베스트셀러, 몽글한 구름을 닮은 피오니의 하얀 설레임을 담은 향기","98,100원",5.0
Women,161,로이비 휘그 앤 시더우드 오 드 퍼퓸 50ml,로이비,"진중한 숲의 향기를 머금은 무화과, 그 하얀 달콤함이 경쾌하게 피어나는 포레스트","98,100원",4.7
Women,162,로이비 샤프론 앤 오렌지 블로썸 오 드 퍼퓸 50ml,로이비,"버건디빛 샤프란과 오렌지 블로썸이 써내려가는 가을무드, 달콤하게 무르익은 오리엔탈 플로럴","98,100원",5.0
Women,163,로에베 아우라 핑크 매그놀리아 오 드 퍼퓸 50ml,로에베,"연분홍빛 목련 꽃봉오리가 바람에 한 점씩 떨어질 때 차분히 내려앉는, 살가운 시트러스-머스키","90,000원",0.0
Women,164,랄프로렌 폴로 우먼 오 드 퍼퓸 30/50/100ml,랄프로렌,"이제는 성숙해진 나이, 굳이 애쓰지 않아도 모두가 알아보는 아름다움","68,000원",5.0
Women,165,프라다 캔디 오 드 퍼퓸 30/50/80ml,프라다,"센슈얼하게 퍼지는 달콤함의 끝판왕, 클래식한 여성스러움","94,000원",4.8
Women,166,프라다 라팜므 오 드 퍼퓸 35/50/100ml,프라다,"출퇴근용으로 좋은, 아이보리 비누 향기가 연출하는 폭닥한 섹시함","94,000원",4.8
Women,167,프라다 캔디 슈가팝 오 드 퍼퓸 30/50/80ml,프라다,"레몬케이크를 한 입, 두 입 가볍게 떠먹는 것처럼 부드러운 상큼함","92,000원",4.9
Women,168,돌체앤가바나 돌체 샤인 30/50/75ml,돌체앤가바나,말린 건망고에 연유를 살짝 뭍혀 재스민꽃과 먹는 것 같은 따뜻한 달콤함,"62,800원",4.3
Women,169,프라다 레스 인퓨전 디 플로럴 디 오렌지 100ml,프라다,아늑한 햇살 사이 따뜻함을 더해가는 오렌지와 부케 향기,"184,000원",5.0
Women,170,돌체앤가바나 돌체 피오니 30/50/75ml,돌체앤가바나,포도맛 밀크쉐이크를 들고서 신나게 뛰어다니는 대학생 새내기같은 상큼달콤함,"58,800원",4.3
Women,171,프라다 캔디 글로스 오 드 뚜왈렛 30/50/80ml,프라다,"아삭거리는 달콤한 체리, 청포도가 프라다의 여성미를 입었을 때","87,500원",5.0
Women,172,데렉 램 10 크로스비 러브디럭스 오 드 퍼퓸 50/100ml,데렉 램 10 크로스비,비가 그친 뒤 잔뜩 날이 서 있는 정원에서 가장 사랑스럽게 핀 꽃의 담백함,"75,000원",5.0
Women,173,데렉 램 10 크로스비 사일런트 스트리트 오 드 퍼퓸 10/50/100ml,데렉 램 10 크로스비,더운여름날 흰색시스루 티셔츠와 청바지를 가볍게 입은 듯한 파우더한 향기,"33,300원",4.8
Women,174,프라다 캔디 키스 오 드 퍼퓸 50/80ml,프라다,"나도 모르는 새 은근히 젖어, 내 마음을 차지한 바닐라의 달콤함","123,000원",4.8
Women,175,누NOU 벨벳 블라썸 오 드 퍼퓸 50ml,누NOU,"스모키한 벨벳 질감의 따스한 클로브 향기, 중성적인 데일리 캐주얼","42,000원",0.0
Women,176,누NOU 플로럴 미스트 오 드 퍼퓸 50ml,누NOU,"프리지아, 만다린, 로즈가 이슬 안개처럼 공중으로 흩어지는 경쾌한 향기","42,000원",0.0
Women,177,누NOU 프리지아 오 드 퍼퓸 50ml,누NOU,신선하게 간 갈바넘과 쨍한 프리지아가 하루종일 곁에 감도는 뽀송함,"42,000원",0.0
Women,178,누NOU 로즈 파출리 오 드 퍼퓸 50ml,누NOU,로즈와 파출리의 스파클링한 사랑스러움이 한 장면으로 추억되는 향기,"42,000원",4.0
Women,179,누NOU 투베로즈 오 드 퍼퓸 50ml,누NOU,투베로즈의 하얀 곡선처럼 등의 여린 살결이 유영하듯 흐르는 아름다움,"42,000원",0.0
Women,180,프로소디 런던 로즈 론듀 오 드 퍼퓸 50ml,프로소디 런던,버건디 로즈 그리고 블랙커런트와 제라늄의 쌉싸름한 달콤함을 씹어낸 신선한 아성,"134,000원",5.0
Women,181,프로소디 런던 히아신스 존퀼 오 드 퍼퓸 50ml,프로소디 런던,"햇살이 비추는 자리, 하얀 치마 폭에 담은 히아신스가 따뜻하게 물드는 여운의 향기","134,000원",0.0
Women,182,나르시소 로드리게즈 루즈 오 드 뚜왈렛 50ml,나르시소 로드리게즈,"18년 하반기신상, 체리의 달콤함과 로즈가 어울린 캐쥬얼 섹시","88,300원",5.0
Women,183,프로소디 런던 트레비 로즈 오 드 코롱 30ml,프로소디 런던,라즈베리 과즙을 먹고 자라나 더욱 붉어진 장미가 연출하는 고혹스러운 향기,"70,500원",5.0
Women,184,나르시소 로드리게즈 푸드레 오 드 퍼퓸 30/50/90ml,나르시소 로드리게즈,"부드러운 달콤함으로 샤워한 듯, 뽀송한 비누","51,500원",5.0
Women,185,프로소디 런던 페이퍼 플라워 팬 오 드 코롱 30ml,프로소디 런던,"프로소디의 베스트셀러, 프리지아 꽃 한 송이가 주는 잔잔한 싱그러움","70,500원",5.0
Women,186,나르시소 로드리게즈 포허 오 드 퍼퓸 30/50/100ml,나르시소 로드리게즈,실크처럼 부드럽고 섬세한 머스키한 로즈의 고급스러운 향기,"51,500원",4.9
Women,187,프로소디 런던 베리 블릿츠 오 드 코롱 30ml,프로소디 런던,"갓 딴 베리와 오렌지 마멀레이드, 모두를 식탁으로 불러모으는 신선한 상큼함","70,500원",5.0
Women,188,프로소디 런던 무아레 미모사 오 드 코롱 30ml,프로소디 런던,"연둣빛 달콤함이 미모사에 닿아, 자연에서 느낄 수 있는 가장 편안한 상큼함을 피워내는 향기","70,500원",4.8
Women,189,끌로에 러브스토리 오 드 퍼퓸 75ml,끌로에,"웹드라마의 대학 캠퍼스 한 장면처럼 상큼한 장미, 배 향기","115,000원",4.9
Women,190,끌로에 노마드 오 드 퍼퓸,끌로에,"플럼과 자스민의 톡쏘는 상큼함을 감싸안는 차분한 시프레, 기존 끌로에와는 사뭇 다른 시크함","113,000원",4.7
Women,191,불리 오 트리플 다마스크 로즈 75ml,불리 1803,"장미 본연의 분위기, 온전한 아름다움으로 모두를 납득시키는 유려함","170,000원",4.9
Women,192,SWG컬렉션 로제가즘 50ml,SWG Collection,"에펠탑이 보이는 마르스 광장, 바람을 타고 날아오는 장미와 라즈베리의 낭만","88,200원",0.0
Women,193,SWG컬렉션 베티버느와 50ml,SWG Collection,"뉴욕 센트럴의 자유와 방황을 닮은 페퍼와 토바코, 미니멀과 모던 사이를 아우르는 세련된 중성미","88,200원",0.0
Women,194,메종 프란시스 커정 아쿠아 유니버셜 오 드 뚜왈렛 70ml,메종프란시스 커정,어디서 상큼한 향기난다! 할 정도로 청아하고 날카로운 공용 향수,"220,000원",4.8
Women,195,메종 프란시스 커정 아쿠아 셀레스티아 오 드 뚜왈렛 70ml,메종프란시스 커정,"빙하얼음을 분쇄한 듯, 청량함을 담아 지적이고 깨끗한 향기","224,000원",4.7
Women,196,메종 프란시스 커정 아쿠아 비떼 오 드 뚜왈렛 70ml,메종프란시스 커정,"과이악 우드의 잎사귀가 가을 낙엽으로 레몬색을 띄는 계절, 만다린 조각이 스파클링하게 통카빈을 두드리는 시간","224,000원",5.0
Women,197,메모 그라나다 오 드 퍼퓸 75ml,메모,자욱이 내려 앉는 달빛을 머금은 자스민 근처로 살며시 피어가는 바닐라의 부드러운 달콤함,"263,000원",0.0
Women,198,딥디크 도손 오 드 뚜왈렛,딥티크,단아하고 귀족적인 느낌의 달콤한 우유같은 튜베로즈향기,"128,000원",4.8
Women,199,스테파니 브루진 파리몽타뉴 오 드 퍼퓸 100ml,스테파니 브루진,"입가에 고인 보랏빛 와인이, 지그시 감겨진 눈꺼풀이 따라올 수 없게 만드는 독보적인 분위기","225,000원",5.0
Women,200,스테파니 브루진 캐시미어 오 드 퍼퓸 100ml,스테파니 브루진,"화양연화 속 낡은 다락방, 우디 머스크의 붉은 톤이 따스하게 머무는 자리의 향기","225,000원",0.0
Women,201,스테파니 브루진 델리스 오 드 퍼퓸 100ml,스테파니 브루진,"파리의 돌담길, 시나몬과 바닐라빈의 따스함이 천천히 자리를 데우는 향기","225,000원",0.0
Women,202,겔랑 라쁘띠 로브 느와르 레제르 오 드 퍼퓸 50ml,겔랑,블랙체리의 세련됨이 가미된 2018년 신작 플랭커,"68,000원",0.0
Women,203,조말론 로즈 앤 매그놀리아 코롱 50ml,조말론,"파리의 센 강에서 마주한 장미와 파츌리, 우디 톤의 장미만이 낼 수 있는 깊고 짙은 분위기","120,000원",5.0
Women,204,구딸파리 쁘띠쉐리 오 드 퍼퓸 50/100ml,아닉구딸,"아닉구딸 베스트셀러, 쁘띠쉐리 기프트 세트","115,000원",4.7
Women,205,아쿠아 디 파르마 매그놀리아 노빌레 오 드 퍼퓸,아쿠아 디 파르마,순수한 상큼함과 여리여리한 관능미가 얽힌 이중적 매력의 매그놀리아 향기,"127,000원",4.7
Women,206,조말론 넥타린 블로썸 앤 허니 코롱,조말론,복숭아와 자몽을 크게 잘라 잎사귀와 함께 삼키는 듯한 달콤함,"87,800원",4.6
Women,207,딥디크 도손 오 드 퍼퓸 75ml,딥티크,"쌉싸름한 깨끗함에 바닐라를 섞은, 아이보리색 튜베로즈 향기","196,500원",4.8
Women,208,바이레도 블랑쉬 오 드 퍼퓸 50/100ml,바이레도,"바이레도 대표작, 기분까지 상큼해지는 산뜻한 비누","205,000원",4.8
Women,209,산타마리아노벨라 로사 가데니아 오 드 코롱 50ml,산타마리아노벨라,"연하고 여린 장미, 그 위로 투명하도록 지나가는 머스크가 완성하는 맑고 깨끗한 향기","102,000원",4.9
Women,210,산타마리아 노벨라 아쿠아 디 콜로니아 로사 오 드 코롱 100ml,산타마리아노벨라,"가지런한 눈꽃 위로 똑 부러지듯 아름다운 선율의 다마스커스 로즈, 차분한 고급스러움","152,000원",5.0
Women,211,아닉구딸 로즈폼퐁 오 드 뚜왈렛,아닉구딸,검정색 단발의 탕웨이가 생각나는 고급미 넘치는 담백한 장미향기,"102,000원",4.7
Women,212,메종마르지엘라 레이지선데이 모닝 100ml,메종 마르지엘라,"편안한 침대에 누웠을 때, 이불 속으로 온 몸이 녹아들듯 느껴지는 편안함","145,000원",4.8
Women,213,딥디크 오르페옹 오 드 퍼퓸 75ml,딥티크,"빳빳한 와이셔츠 위로 알싸한 주니퍼베리 안개가 스민, 시크한 긴장감의 런더리 향수","225,000원",4.9
Women,214,딥디크 올렌느 오 드 뚜왈렛 50ml,딥티크,부드럽고 우아하게 퍼지는 세심하고 감각적인 아카시아 꽃 향기,"135,000원",4.5
Women,215,딥디크 제라늄 오도라타 오 드 뚜왈렛 100ml,딥티크,"촉촉히 젖은 토지에서 올라오는 흙내음 사이, 초원의 그늘진 풀 속을 헤집고 피어난 제라늄 향기","175,000원",5.0
Women,216,디올 쟈도르 오 드 퍼퓸,디올,"한없이 부드럽고, 고급스럽게 관능적인 디올의 대표 여자향수","99,000원",4.8
Women,217,빅토리아 시크릿 밤쉘 오 드 퍼퓸 50ml,빅토리아시크릿,해외 빅시매장에서 판매량 1등을 다투는 여자향수,"75,000원",4.5
Women,218,스테파니 브루진 큐피동 오 드 퍼퓸 100ml,스테파니 브루진,블랙커런트 이슬이 흩어지며 장미에 젖어드는 투명한 아름다움,"225,000원",4.9
Women,219,킬리안 우먼 인 골드 오 드 퍼퓸,킬리안,"화려한 장신구에도 묻히지 않는 달콤한 플로럴과 투명하게 빛나는 바닐라, 그 매혹의 향기","340,000원",0.0
Women,220,메모 랄리벨라 오 드 퍼퓸 75ml,메모,따스한 바람을 타고 와 끝을 스치는 바닐라 향기 속 부드럽게 스며있는 코코넛의 달콤함,"263,000원",5.0
Women,221,크리드 러브 인 화이트 30/75ml,크리드,"바람에 흩날린 웨딩드레스 끝자락같은, 촉촉한 화이트 수선화 향기","210,000원",5.0
Women,222,에르메스 트윌리 데르메스 오 드 퍼퓸 50ml,에르메스,풍부하고 달콤한 생강과 튜베로즈가 우디하게 연출되는 글래머스한 향기,"113,000원",4.9
Women,223,에트로 화이트 매그놀리아 오 드 퍼퓸 100ml,에트로,"살결을 스치는 목련꽃잎처럼, 그 풍성하고 고소한 하얀 색의 아름다움","158,000원",5.0
Women,224,프레데릭 말 오 드 매그놀리아 50ml,프레데릭말,연애 초창기의 짜릿한 설렘을 닮은 스파클링 목련 향기,"195,000원",4.7
Women,225,프레데릭 말 프렌치 러버 50ml,프레데릭말,"단정하고도 세심한 감수성, 비에 젖은 소나무와 낙엽을 보며 한 편의 시를 읊어내는 감성","198,000원",5.0
Women,226,에르메스 24 포브르 우먼 오 드 뚜왈렛 30/100ml,에르메스,내리쬐는 늦가을 태양에 노곤하게 녹아진 히아신스와 가드니아의 우아함,"95,000원",5.0
Women,227,세르주루텐 플뢰르 드 시트로니에 오 드 퍼퓸 100ml,세르주루텐,"선선한 여름날, 오렌지 나뭇가지에 사랑하는 마음을 걸어 너에게 건넸던 추억","164,000원",5.0
Women,228,메종 프란시스 커정 바카라 루쥬 540 오 드 퍼퓸 70ml,메종프란시스 커정,"고혹미 향수, 졸여낸 구어망드 달콤함과 세련된 우디플로럴의 고급스러운 조화","275,000원",4.9
Women,229,록시땅 체리블라썸 오 드 뚜왈렛 75ml,록시땅,식었던 마음도 다시 뛰게 만드는 투명한 분홍빛 벚꽃 내음,"51,800원",4.7
Women,230,로에베 001 맨 오 드 뚜왈렛 50ml,로에베,"서정적이고 부드러운 우디 향기의 정석, 데일리로 편하게 쓰기 좋은 남녀공용 우디 향수","90,000원",4.9
Women,231,랑콤 미라클 오 드 퍼퓸 30/50/100ml,랑콤,투명한 리치와 세련된 분 내음의 까칠함이 느껴지는 여성스러움,"59,800원",4.8
Women,232,디올 조이 바이 디올 오 드 퍼퓸 90ml,디올,눈부신 햇살 속에서 파우더하게 번지는 로즈와 샌달우드의 담백 여성스러운 향기,"131,000원",4.7
Women,233,누NOU 체리블라썸 오 드 퍼퓸 50ml,누NOU,산정호수의 하얀 설눈처럼 쌓인 벚꽃의 싱그럽고도 은은한 향기,"42,000원",5.0
Women,234,누NOU 시크릿 블랑 오 드 퍼퓸 50ml,누NOU,포도샴푸 향기가 하루종일 보랏빛 세상을 걷게 하는 몽환적인 설레임,"42,000원",4.9
Women,235,나르시소 로드리게즈 퓨어 머스크 30/50/100ml,나르시소 로드리게즈,순수하고 깊은 우유빛깔이 연상되는 센슈얼하고 부드러운 머스크,"53,000원",4.8
Women,236,까사렐 아나이스 아나이스 오 드 뚜왈렛 30/50ml,까사렐,풍성하고 노곤노곤한 백합에서 연출되는 성숙한 소녀,"49,500원",4.5
Women,237,겔랑 라쁘띠 로브 느와르 오 드 퍼퓸 100ml,겔랑,석양진 연회장에서 퍼지는 고급스러운 체리와 로즈의 향기,"113,000원",4.8
Women,238,구찌 엔비미 오 드 뚜왈렛 30/50ml,구찌,리치와 파인애플이 상큼달콤하게 섞인 사랑스럽고 경쾌한 꽃향기,"57,800원",4.8
Women,239,구찌 블룸 네타레 디 피오리 오 드 퍼퓸 50ml,구찌,"구찌 블룸 정원, 신비로운 노란 달콤함을 불러일으키는 넥타린과 허니서클 향기","104,800원",4.8
Women,240,바이레도 모하비고스트 오 드 퍼퓸 50/100ml,바이레도,"연보랏빛 물안개 속, 상큼달콤한 과일비누","198,500원",4.7
Women,241,바이레도 펄프 오 드 퍼퓸 50/100ml,바이레도,"소녀시대 제시카의 시그니처 향수, 상대의 입술에 저릿한 달콤함을 남기는 용과 향기","191,750원",4.9
Women,242,랑세 유제니 오 드 퍼퓸 50/100ml,,누군가의 머릿속에 각인될 만큼 청초하게 퍼지는 자스민 향기,"105,600원",4.7
Women,243,미스디올 블루밍부케 오 드 뚜왈렛 50ml,디올,"미스 디올 베스트셀러, 학생과 여인의 정체성 사이 화사하게 핀 피오니 향기","125,000원",4.8
Women,244,톰포드 솔레이네쥬 오 드 퍼퓸,톰포드,"하얀 눈에 반사되는 빛처럼 밝게 연출되는 머스크, 살갗에 닿자마자 녹아내리는 바닐라의 부드러운 달콤함","300,000원",5.0
Women,245,불리 오 트리쁠 루브르 전갈좌의 요정 75ml,불리 1803,"정원의 신비로운 물소리를 따라 흐르는 풀 향기와 젖은 연꽃, 앰버에서 풍기는 옅은 살 내음","193,000원",0.0
Women,246,산타마리아노벨라 멜로 그라노 오 드 코롱,산타마리아노벨라,"하얀 비누 거품을 가득 머금은 일랑일랑 꽃이 오크모스, 장미, 파츌리를 천천히 삼켜내는 포근함","103,500원",4.8
Women,247,프라고나르 매그놀리아 오 드 뚜왈렛 50ml,프라고나르,나긋하게 하얀 목련꽃이 흔들리는 커튼처럼 사락거리는 향기,"52,000원",5.0
Women,248,아닉구딸 쁘띠쉐리 오 드 뚜왈렛 50/100ml,아닉구딸,"아닉구딸 베스트셀러, 청초하고 사랑스러운 데일리향수의 극미","110,000원",4.6
Women,249,크리드 플러리시모 75ml,크리드,갓 빨아낸 새하얀 와이셔츠에서 날법한 순도높은 튜베로즈와 아이리스 향기,"365,000원",5.0
Women,250,바이레도 영로즈 오 드 퍼퓸 50ml,바이레도,"비누의 산뜻함이 곱게 바스러지는 자리, 거품처럼 보드랍게 올라오는 장미의 수줍음 가득한 향기","198,500원",5.0
Women,251,조말론 자스민 삼박 앤 메리골드 코롱 인텐스 50ml,조말론,"노란 메리골드 위로 아늑한 햇살처럼 쏟아지는 바닐라, 조말론 인텐스 라인 여성 베스트셀러","158,000원",5.0
Women,252,조말론 튜버로즈 안젤리카 코롱 인텐스 50ml,조말론,"네추럴 와인을 한모금 머금은 튜베로즈, 스며든 설렘이 안젤리카 땅속으로 차분히 자리하는 향기","158,000원",4.8
Women,253,메모 프렌치 레더 오드퍼퓸 75ml,메모,프랑스 센느강 다리위에 놓여진 스웨이드 핸드백속에서 나는 장미향기,"263,000원",5.0
Women,254,바이레도 플라워헤드 오 드 퍼퓸 50ml,바이레도,밝고 화사한 느낌의 프루티한 꽃향기,"193,500원",4.5
Women,255,메모 인레 오 드 퍼퓸 75ml,메모,노곤노곤하게 달콤한 오스만투스의 달콤함이 연출하는 청순섹시,"258,000원",4.7
Women,256,누NOU 자스민 오 드 퍼퓸 50ml,누NOU,밤 중의 별처럼 빛나듯이 피어난 자스민의 싱그러움,"42,000원",5.0
Women,257,스테파니 브루진 파리생제르망 오 드 퍼퓸 100ml,스테파니 브루진,안개에 젖은 레몬 홍차 티백이 천천히 우러날 때 - 중성적인 달콤함을 자아내는 향기,"225,000원",5.0
Women,258,딥디크 트레블퍼퓸 오 드 뚜왈렛 12ml,딥티크,"직접 커스터마이징하는 나만의 딥디크, 반영구적 사용으로 지속가능성까지 고려한 트레블 스프레이","130,500원",5.0
Women,259,톰포드 비터 피치 오 드 퍼퓸 50ml,톰포드,"보일 듯 말듯, 파츌리에 가려진 복숭아의 농익은 달콤함이 더욱 은밀하게 느껴지는 순간","288,000원",4.9
Women,260,바이레도 슈퍼 시더 오 드 퍼퓸,바이레도,"심플하되, 모던하게- 시더우드의 군더더기 없는 깔끔함이 가장 잘 묘사된 향수","198,500원",5.0
Women,261,까사렐 노아 오 드 뚜왈렛 30/50/100ml,까사렐,순수한 머스크 플로럴의 극강한 부드러움,"49,500원",4.7
Women,262,프레데릭 말 포트레이트 오브 어 레이디 50ml,프레데릭말,"비에 젖은 라즈베리와 짙은 색의 장미가 쌉싸름하고 우디한 파츌리와 어울린, 고혹적 분위기","277,800원",5.0
Women,263,퍼퓸 드 말리 까실리 75ml,퍼퓸 드 말리,사랑스러운 푸루메리아 꽃잎에 잘 익은 복숭아 설탕을 흩뿌린 향기,"278,000원",4.0
Women,264,끌로에 우먼 오 드 퍼퓸,끌로에,"이성 반응이 보장된 베스트셀러, 커튼처럼 부드러이 유영하는 분홍색 피오니 향기","87,000원",4.9
Women,265,르라보 리스 41 오 드 퍼퓸 100ml,르라보,바닐라에 적셔진 백합꽃을 모아 향초로 차분히 녹여낸 듯- 흰 고급스러움,"325,000원",5.0
Women,266,아쿠아 디 파르마 바닐라 오 드 퍼퓸 100ml,아쿠아 디 파르마,"오후 2시의 바닐라빛 햇살, 헬리오트로프를 베고 노곤히 쏟아지는 잠을 청하는 편안한 향기","185,000원",0.0
Women,267,에르메스 오드 메르베이 오 드 뚜왈렛 50ml,에르메스,석양처럼 차분하고 단아하게 퍼지는 앰버의 우아함,"118,000원",4.8
Women,268,세르주루텐 뉘드셀로판 오 드 퍼퓸,세르주루텐,"세르주루텐 베스트셀러, 샴푸 향기처럼 은은한 오스만투스가 마음을 홀리게 하는 상큼함","148,000원",4.9
Women,269,에르메스 운 자르뎅 메디테라네 오 드 뚜왈렛,에르메스,"분수대 앞 공원 벤치에 걸터앉아 느껴보는, 햇살처럼 번지는 오렌지와 무화과 나무에서 퍼지는 달콤한 향기","145,000원",0.0
Women,270,메종마르지엘라 플라워마켓 30/100ml,메종 마르지엘라,자취가 아련하게 남아 반응 좋은 촉촉한 가든 플라워 향기,"80,900원",4.7
Women,271,아이젠버그 땅따이숑 오 드 퍼퓸,아이젠버그,"쌀쌀한 날씨에 더욱 손이 가는, 달콤한 통카빈과 핑크페퍼의 균형 잡힌 포근함","47,400원",4.0
Women,272,아이젠버그 루즈 앤 느와르 오 드 퍼퓸,아이젠버그,새빨간 립스틱의 관능미와 느와르 식의 흑백이 자아내는 관능미,"47,400원",5.0
Women,273,메종 마르지엘라 버블바스 100ml,메종 마르지엘라,"거품목욕 사이 비눗방울 하나, 공중에서 터진 코코넛의 달콤함이 세상을 촉촉하게 적시는 맑은 내음","145,000원",4.9
Women,274,크리드 스프링 플라워 75ml,크리드,"천진난만한 맑음이 떠오르는 기분좋은 살구, 복숭아의 상큼달콤함","315,000원",4.6
Women,275,딥디크 오프레지아 오 드 뚜왈렛 100ml,딥티크,"싱그러운 프리지아 한 다발이 몰고 온 봄기운, 잔잔하고 산뜻한 생화 프리지아 향기","178,000원",4.9
Women,276,딥디크 로데헤스페리데스 오 드 뚜왈렛 100ml,딥티크,"옅은 바람을 등지고 맡아지는 비터오렌지, 민트, 로즈마리의 프레시함이 마음을 톡톡 건드는 상쾌함","175,000원",5.0
Women,277,아이젠버그 러브어페어 우먼 30/50/100ml,아이젠버그,"정말 편한 나시, 가디건 차림에서 풍기는 살 내음이 더 여자로 느껴질 때","65,200원",4.8
Women,278,불리 오 트리쁠 밀로의 비너스 75ml,불리 1803,섬세한 자스민과 풍성한 매그놀리아가 비누처럼 순하게 흐려지는 순간 달콤하게 피어나는 앰버 향기,"185,000원",0.0
Women,279,킬리안 포비든게임즈 오 드 퍼퓸 50ml,킬리안,붉으스름한 홍조를 띈 복숭아의 나른함에서 금지된 장난을 떠올리게 하는 야릇한 향기,"275,000원",4.0
Women,280,바이레도 인플로레센스 오 드 퍼퓸,바이레도,연노랑 원피스 같은 은은한 달콤함,"198,500원",5.0
Women,281,크리드 아쿠아 피오렌티나 오 드 퍼퓸 30ml,크리드,"비 내린 이탈리아의 과수원 한가운데, 화사한 로즈와 물먹은 자두 향기","215,000원",5.0
Women,282,딥디크 오 로즈 오 드 뚜왈렛 50/100ml,딥티크,"세상 깔끔한 헤어미스트 같은 생장미 향기, 싱그러운 향","128,000원",4.8
Women,283,입생로랑 리브르 인텐스 30ml,입생로랑,"리브르의 라벤더 - 오렌지블라썸을 따스하게 감싸안는 통카빈, 고급스러운 럭셔리","91,500원",4.8
Women,284,크리드 어벤투스 포허 30/75ml,크리드,시크함과 귀여운 관능미를 동시에 갖고 있는 스모키한 애플로즈,"230,000원",4.5
Women,285,에르메스 트윌리 데르메스 오진저 오 드 퍼퓸,에르메스,"긴 쉬폰 원피스와 사근사근한 말투를 닮은 플로럴, 모든 행동과 말투에서 묻어나오는 우아함","113,000원",0.0
Women,286,아쿠아 디 파르마 오스만투스 오 드 퍼퓸 100ml,아쿠아 디 파르마,만개한 오스만투스 꽃을 가득 모아 살결에 가까운 비누로 정갈하게 만든 상큼함,"205,000원",4.8
Women,287,프라고나르 에밀 30/60/100/200ml,프라고나르,"동화 속 공주가 산책 중 흘린 하얀 손수건, 그곳에서 풍기는 맑고 포근한 비누내음","71,500원",4.1
Women,288,메모 오션 레더 오 드 퍼퓸 75ml,메모,"시원한 바닷바람을 타고 부서지는 시트러스와 얇은 종이를 바닷물에 풀어헤친듯, 가볍게 올라오는 우디","263,000원",0.0
Women,289,겔랑 미츠코 오 드 뚜왈렛 93ml,겔랑,"100년을 이어온 겔랑 하우스의 명작, 고혹스런 자스민의 자태에 매료될 수 밖에 없는 향기","54,000원",0.0
Women,290,바이레도 슬로우 댄스 오 드 퍼퓸 100ml,바이레도,"달콤한 바닐라 코냑에 취해갈 때, 현실은 흐려지고 사랑은 더욱 짙어지는 로맨틱한 공간의 향기","255,750원",5.0
Women,291,크리드 러브 인 블랙 75ml,크리드,"서정적이게 아름다운 바이올렛과 아이리스, 통카빈이 폭닥하게 어울린 향기","315,000원",4.8
Women,292,딥디크 오 모헬리 오 드 뚜왈렛 100ml,딥티크,"샛노란 꽃들 사이로 허브향을 싣고 불어오는 산들바람, 그리고 일랑일랑의 향기","175,000원",5.0
Women,293,프레데릭 말 카날 플라워 50ml,프레데릭말,세상을 포근하게 감싸듯 정돈된 튜베로즈의 우아함,"278,000원",4.6
Women,294,프레데릭 말 로디베 50ml,프레데릭말,"보라빛 꽃 위를 살랑이는 흰 나비처럼, 헬리오트로프와 머스크가 연출하는 연약한 포근함","205,000원",0.0
Women,295,프라다 레스 인퓨전 디 미모사 오 드 퍼퓸 100ml,프라다,포근하게 안길 것 같은 여리여리한 미모사 비누 향기,"184,000원",4.7
Women,296,메모 일하도멜 오 드 퍼퓸 75ml,메모,"담백한 가드니아와 히아신스가 바람에 일렁이는, 밝고 여리여리하게 퍼지는 언덕의 분위기","263,000원",5.0
Women,297,조르지오 아르마니 마이웨이 오 드 퍼퓸 30ml,조르지오아르마니,"박신혜를 닮은 생기발랄한 딸기, 투베로즈가 보석처럼 영롱하게 빛나는 순간","77,800원",5.0
Women,298,조말론 로즈 블러쉬 코롱 50ml,조말론,"리치 과즙을 한껏 머금은 채 수줍음에 볼 밝히는, 선홍빛 두 뺨을 가진 여린 장미 향기","120,000원",0.0
Women,299,킬리안 굿걸곤배드 오 드 퍼퓸 50ml,킬리안,"순수와 퇴폐의 미학, 붉으스름한 홍조를 띈 복숭아의 미묘함","275,000원",4.7
Women,300,킬리안 플라워 오브 이모탈리티 오 드 퍼퓸 50ml,킬리안,"속살 하얀 복숭아를 문 채, 목선에서 어렴풋이 나는 분내가 짙은 끌림을 만들어내는 향기","275,000원",5.0
Women,301,티에리 뮈글러 엔젤 오 드 퍼퓸 50ml,티에리 뮈글러,"유혹의 정석, 대담하게 유혹하는 달콤 아찔 플럼-바닐라","87,000원",4.8
Women,302,입생로랑 몽파리 오 드 빠르펭 50ml,입생로랑,"상대의 은밀함을 끌어내는 로맨틱과, 스킨십을 불러 일으키는 달콤함을 겸비한 피오니 부케","105,000원",4.8
Women,303,에스티로더 모던뮤즈 오 드 퍼퓸 50ml,,살랑거리는 분홍 스커트처럼 내 마음을 들었다 놨다 하는 플로럴,"88,500원",5.0
Women,304,에르메스 운 자르뎅 수르 라 라군 오 드 뚜왈렛 30/50ml,에르메스,따뜻한 돌담길 너머에 아늑하게 핀 백합과 나무 그리고 정원,"70,000원",4.9
Women,305,아쿠아 디 파르마 유자 오 드 퍼퓸 100ml,,유자의 상큼함이 주변 꽃들에 맺힌 이슬까지 가볍게 흔들 때 코 끝에 감도는 수분감있는 향기,"198,000원",5.0
Women,306,아이젠버그 백 투 파리 오 드 퍼퓸 30/50ml,아이젠버그,"라라랜드 속 베리의 달콤함이 파츌리, 머스크와 만나 보랏빛 석양을 지게 하는 몽환적인 향기","65,200원",4.7
Women,307,시슬리 오 뒤 스와르 오 드 퍼퓸 50ml,시슬리,"부드럽고 또 고상하게, 늘 아름답게 남는 여인의 자취","158,000원",4.8
Women,308,세르주루텐 끌레 드 머스크 오 드 퍼퓸,세르주루텐,하얀 터키쉬 앙고라 고양이가 가지런히 앞발을 모으고 있는 듯한 아이리스 - 머스크 향기,"253,500원",4.9
Women,309,세르주루텐 라 비에르쥐 드 페 오 드 퍼퓸,세르주루텐,촉촉한 비를 맞으며 서늘함 속에 홀로 하얗게 빛나고 있는 백합의 향기,"174,500원",5.0
Women,310,세르주루텐 루브 오 드 퍼퓸 100ml,세르주루텐,"체리 사탕이 산산조각 날 때, 유리 조각이 크리스탈이 되어 날카롭게 퍼지는 아름다움","395,000원",0.0
Women,311,분더샵 에버 얼웨이즈 오 드 퍼퓸 50ml,분더샵,"햇살이 닿아, 오스만투스와 피치가 반짝거리며 연출하는 상큼함","82,800원",4.5
Women,312,메종 마르지엘라 레플리카 댄싱 온 더 문 100ml,메종 마르지엘라,밤하늘의 달빛아래 춤추는 선녀의 옷자락 같은 화이트플로럴 향기,"215,000원",4.6
Women,313,롤리타 렘피카 롤리타 랜드 오 드 퍼퓸 40/80ml,롤리타렘피카,잔상처럼 여운이 길게 남는 베리와 자스민의 달콤함 여성미,"64,800원",5.0
Women,314,랄프로렌 블루 우먼 오 드 뚜왈렛 40/125ml,랄프로렌,"랄프로렌 스테디셀러, 시원하게 말라가는 청사과향 샴푸 향기","87,000원",4.7
Women,315,디올 자도르 인피니심 오 드 퍼퓸 50/100ml,디올,"쟈도르를 감싸안은 튜베로즈, 그 하얀 풍성함에서 연출되는 고급스러움","126,000원",5.0
Women,316,미스디올 앱솔루틀리 블루밍 오 드 퍼퓸 50/100ml,디올,"밤을 입은 베리, 짙어진 피오니 꽃잎이 연출하는 고혹스러움","115,000원",4.5
Women,317,돌체 앤 가바나 레드 오 드 뚜왈렛 100ml,돌체앤가바나,잔잔한 꽃비누내음처럼 부드러운 알데하이드 노트의 정수,"128,000원",4.5
Women,318,끌로에 압솔뤼 퍼퓸 30/50/75ml,끌로에,센티폴리아 바디크림을 은은하게 바른듯한 담백하고 고급스러운 여성향수,"71,500원",4.9
Women,319,끌로에 로즈 드 끌로에 30/50/75ml,끌로에,셋째딸 같은 생화장미 향기,"54,000원",4.8
Women,320,겔랑 몽 겔랑 오 드 뚜왈렛 30/50ml,겔랑,화끈한 이태원 거리도 압살할 센슈얼하고 관능적인 프루티 플로럴,"50,000원",4.8
Women,321,겔랑 랭스땅뜨 드 겔랑 오드뚜왈렛 50/100ml,겔랑,단발에 잘 어울리는 친밀한 허니앰버의 소프트한 구어망드 파우더 향기,"67,000원",4.3
Women,322,바이레도 비블리오티크 오 드 퍼퓸 50ml,바이레도,"바이레도 캔들 베스트셀러가 향수로 출시된, 섬세한 가죽과 달콤한 라즈베리가 완성하는 빈티지 무드","191,750원",0.0
Women,323,겔랑 랭스땅뜨 드 겔랑 오드퍼퓸 50/100ml,겔랑,단발에 잘 어울리는 친밀한 허니앰버의 소프트한 구어망드 파우더 향기,"70,000원",4.5
Women,324,겔랑 라쁘띠 로브 느와르 오 드 뚜왈렛 30/50/100ml,겔랑,석양진 연회장에서 퍼지는 고급스러운 체리와 로즈의 향기,"64,000원",4.6
Women,325,구찌 블룸 암브로시아 디 피오리 오 드 퍼퓸 30ml,구찌,노을을 삼킨 로즈와 튜베로즈 향기,"75,800원",5.0
Women,326,구찌 블룸 아쿠아 디 피오리 오 드 뚜왈렛 50ml,구찌,"푸릇한 정원이 주는 상큼함, 구찌 블룸의 신상","104,800원",4.8
Women,327,구찌 플로라 고져스 가드니아 오 드 뚜왈렛 50ml,구찌,"달콤한 레드베리를 가드니아에 휘감아놓은, 여성스러움이 한껏 극대화된 섹시미","86,000원",4.7
Women,328,불리 오 트리플 페루 헬리오트로프 75ml,불리 1803,"바이올렛이 가득한 공중정원 속, 부드럽게 퍼지는 헬리오트로프 향기","170,000원",4.8
Women,329,불리 오 트리쁠 목수 성 요셉 75ml,불리 1803,일렁이는 바닐라와 히노끼의 편백향이 나무기둥 사이로 천천히 스며드는 소프트-우디 향,"185,000원",5.0
Women,330,본드 넘버 나인 차이나타운 오 드 퍼퓸 100ml,본드 넘버 나인,홍대 사거리 체리나무 아래에서 날 법한 매력적이고 독특한 달콤함,"186,800원",0.0
Women,331,발렌티노 발렌티나 우먼 오 드 퍼퓸 80ml,발렌티노,첫 데이트에 가장 잘 어울릴 것 같은 여성스러운 향기,"135,000원",4.8
Women,332,발렌티노 발렌티나 블러쉬 오 드 퍼퓸 50/80ml,발렌티노,달콤한 체리향과 화사한 로즈의 풍미에 스웨이드의 묵직함을 담아낸 향기,"97,000원",5.0
Women,333,바이레도 라튤립 오 드 퍼퓸 50/100ml,바이레도,"촉촉한 튤립을 감싸고 있는 하얀 수건, 청순미의 극치","198,500원",4.8
Women,334,바이레도 선데이즈드 오 드 퍼퓸 50/100ml,바이레도,설탕을 버무린 오렌지맛 코튼캔디가 석양에 스르르 녹는향기,"191,750원",4.6
Women,335,바이레도 로즈 오브 노 맨즈 랜드 오 드 퍼퓸 50ml,바이레도,"바이레도가 그린 선명한 로즈, 라즈베리 이슬이 차가운 장미를 녹이며 깨어나는 싱그런 향기","198,500원",5.0
